NO,Lon,Lat,lat,Alt,alt,Eco,flux,MAT,LAI,SOC,SWC,YN
1,101.2,21.85,2,756,1,Forest,931.07,20.72332677,2.868695652,0.98,0.071360678,NLT
2,101.25,21.93,2,580,1,Forest,943.75,22.55999339,3.505879227,1.17,0.062333197,NLT
3,101.2,21.95,2,NA,NAA,Forest,995.5,21.14999342,3.582826087,1.12,0.06195591,NLT
4,112.83,22.57,2,NA,NAA,Forest,699.485,22.47099339,1.432108696,0.98,0.461349313,NLT
5,112.9,22.68,2,NA,NAA,Forest,1089.696923,22.62153185,1.481187291,1.26,0.462048245,NLT
6,112.58,23.13,2,NA,NAA,Forest,1069.345,22.85499339,4.913913044,1.26,0.348691544,NLT
7,112.53,23.17,2,NA,NAA,Forest,1057.388889,22.79666005,4.504649759,1,0.296734988,NLT
8,112.17,23.17,2,NA,NAA,Forest,597,22.80999339,3.136956522,1.26,0.126023698,NLT
9,112.55,23.18,2,NA,NAA,Forest,1053,23.04999338,4.441086957,0,0.274444703,NLT
10,113.5,23.33,2,125,1,Forest,964,22.3249934,2.730543479,1.12,0.179914197,NLT
11,117.43,24.33,2,225,1,Forest,1169.797,19.93999345,2.128043478,1.24,0.109266607,NLT
12,101.02,24.53,2,200,1,Forest,1130.335714,11.08142222,3.050180124,0.74,0.059782162,NLT
13,118.92,24.92,2,200,1,Forest,1215.556364,21.04362979,0.329644269,NA,NA,NLT
14,113.45,25.22,2,240,1,Forest,1572,15.59999355,3.367826087,1.12,0.140000138,NLT
15,113.43,25.23,2,200,1,Forest,1083,15.59999355,3.567608696,1.8,0.13750095,NLT
16,116.42,25.68,2,200,1,Cropland,431.5,19.05999347,1.82826087,1.12,0.126377943,NLT
17,116.42,25.68,2,200,1,Grassland,928.5,19.27999347,1.850978261,1.12,0.121016015,NLT
18,116.42,25.68,2,200,1,Forest,1522,19.27999347,1.850978261,1.12,0.121016015,NLT
19,119.25,26.05,2,NA,NAA,Grassland,1684,21.02999343,1.877391304,1.12,0.286874277,NLT
20,120.02,26.12,2,NA,NAA,Forest,1052.23,NaN,0,NA,NA,
21,117.43,26.2,2,NA,NAA,Forest,960.3333333,20.21999344,5.166304348,1.24,0.093716101,NLT
22,117.53,26.22,2,NA,NAA,Forest,924,20.38999344,4.984782609,1.24,0.069790587,NLT
23,115.07,26.75,2,NA,NAA,Cropland,1360.5,18.54999348,2.1475,1.12,0.177854963,NLT
24,115.07,26.75,2,NA,NAA,Forest,647.5104851,19.1685649,2.297779503,1.12,0.178737104,NLT
25,109.5,26.8,2,NA,NAA,Forest,640.5375,17.14078897,2.692347068,1.8,0.087927007,NLT
26,106.98,26.97,2,NA,NAA,Forest,858,15.75999354,1.217391304,1.08,0.078529214,NLT
27,118.13,27.03,2,410,1,Forest,1154.933333,18.00999349,3.167753623,1.24,0.115876975,NLT
28,118.13,27.03,2,NA,NAA,Cropland,927,18.00999349,3.167753623,1.24,0.115876975,NLT
29,118.15,27.05,2,NA,NAA,Forest,1079.091071,17.90726623,3.165424901,1.24,0.113084965,NLT
30,114.75,27.67,2,NA,NAA,Forest,332.8,18.49999348,3.248913043,0,0.154433005,NLT
31,117.65,27.73,2,NA,NAA,Forest,1116.488571,10.2785651,5.501956522,1.8,0.090802832,NLT
32,117.65,27.73,2,NA,NAA,Grassland,908,10.32999367,5.667826087,1.8,0.088028107,NLT
33,114.63,27.75,2,NA,NAA,Forest,980,18.55999348,2.856956522,1.24,0.179978367,NLT
34,113.03,28.12,2,80,1,Forest,601.4,18.58799348,0.433086956,1.12,0.146791926,NLT
35,116.93,28.25,2,NA,NAA,Cropland,745,18.47999348,0.545454545,1.09,0.254432102,NLT
36,103.8,28.7,2,NA,NAA,Forest,831,13.3899936,2.854565217,1.16,0.06414059,NLT
37,91.35,29.68,2,NA,NAA,Cropland,579,7.279993734,0.245805336,2.13,0.071212753,NLT
38,121.8,29.8,2,NA,NAA,Forest,1214.333333,15.96999354,4.061086957,3.07,0.540336354,NLT
39,118.85,29.93,2,NA,NAA,Forest,1418.09625,14.28499358,3.481304348,3.07,0.149836078,NLT
40,102.98,29.97,2,NA,NAA,Forest,410.9083333,15.47999355,3.187391304,1.45,0.073462827,NLT
41,103,30.58,3,NA,NAA,Forest,389,9.319993688,3.767826087,0.74,0.056161758,NLT
42,103.63,30.58,3,NA,NAA,Forest,265.6671429,16.43856496,1.323757764,1.12,0.126637549,NLT
43,103,30.3,3,660,1,Forest,592,11.06999365,3.071304348,1.16,0.056730322,NLT
44,110.57,30.42,3,NA,NAA,Cropland,735,13.89999359,2.290869565,1.2,0.076118992,NLT
45,110.57,30.42,3,NA,NAA,Forest,680,13.89999359,2.290869565,1.2,0.076118992,NLT
46,120.17,30.52,3,NA,NAA,Forest,748.5,17.23999351,1.82625,1.31,0.338209082,NLT
47,120.17,30.52,3,NA,NAA,Cropland,779,17.23999351,1.82625,1.31,0.338209082,NLT
48,105.45,31.27,3,410,1,Grassland,488.6,17.00249351,0.99875,0.75,0.109027735,NLT
49,105.45,31.27,3,410,1,Forest,593.908,17.05799351,0.966869565,0.75,0.107501847,NLT
50,105.45,31.27,3,410,1,Cropland,384.86,16.96666018,0.994347826,0.75,0.109291396,NLT
51,110.48,31.32,3,1670,2,Forest,628.64,6.924993742,3.331086957,0.74,0.052768903,NLT
52,110.5,31.32,3,1970,2,Forest,627,6.949993741,3.406086957,0.74,0.05306811,NLT
53,110.5,31.33,3,780,1,Forest,624,6.949993741,3.406086957,0.74,0.05306811,NLT
54,110.3,31.47,3,2570,3,Forest,482.39,2.154993849,3.101304348,0.74,0.064747512,LT
55,102.58,31.58,3,3210,4,Forest,875.9126667,-0.250006098,1.001304348,1.41,0.059087339,LT
56,119.23,31.98,3,NA,NAA,Forest,564.795,16.61999352,0.70673913,2.41,0.269684847,NLT
57,118.8,32,3,NA,NAA,Cropland,885.2183333,16.83196322,0.606322885,0.8,0.150656535,NLT
58,118.85,32.07,3,NA,NAA,Forest,916,15.94999354,0.609565217,0.98,0.115527069,NLT
59,118.87,32.07,3,NA,NAA,Forest,957,15.94999354,0.609565217,0.98,0.104098659,NLT
60,118.88,32.07,3,NA,NAA,Grassland,1563,15.94999354,0.609565217,0.98,0.104098659,NLT
61,118.7,32.18,3,NA,NAA,Forest,899.64,16.03299354,0.837009662,0.98,0.155052552,NLT
62,119.67,32.33,3,NA,NAA,Forest,550,16.65999352,1.079347826,1.12,0.164247291,NLT
63,106.92,32.67,3,NA,NAA,Forest,646,7.159993736,3.55,0.4,0.069837639,NLT
64,108.5,33.38,3,NA,NAA,Forest,525.0083333,7.624993726,3.532131643,0.4,0.069546161,NLT
65,111.93,33.47,3,1350,2,Forest,951.4510526,11.86999363,3.069313501,0.7,0.072161665,NLT
66,108.62,34.22,3,NA,NAA,Forest,201,14.93999356,0.483695652,1.12,0.071403545,NLT
67,113.65,34.8,3,NA,NAA,Cropland,929.5,16.12999354,0.682826087,0.6,0.090407923,NLT
68,112.47,35.02,3,NA,NAA,Forest,788.1321739,14.80347183,1.125113422,0.36,0.095019369,NLT
69,116.37,35.07,3,NA,NAA,Cropland,286.1428571,14.50999357,0.76,0.6,0.099076869,NLT
70,107.67,35.2,3,NA,NAA,Cropland,679.602,9.577327016,0.714928502,0.65,0.063117814,NLT
71,118.07,35.25,3,NA,NAA,Forest,895.5,13.94499359,0.582362319,0.83,0.095890133,NLT
72,106.32,35.47,3,NA,NAA,Forest,441.6666667,6.729993746,0.961956522,1.64,0.069346922,NLT
73,106.32,35.47,3,NA,NAA,Cropland,191,6.729993746,0.961956522,1.64,0.069346922,NLT
74,106.32,35.47,3,NA,NAA,Grassland,508,6.729993746,0.961956522,1.64,0.069346922,NLT
75,109.53,36.43,3,1353,2,Forest,1218.5,9.099993693,0.658043478,0.65,0.056002107,NLT
76,114.2,36.5,3,NA,NAA,Cropland,190.75,14.17999358,0.327391304,0.36,0.076269316,NLT
77,115.03,36.68,3,NA,NAA,Cropland,698.1111111,13.99999358,0.976086957,0.97,0.072365939,NLT
78,115.02,36.87,3,NA,NAA,Cropland,561,14.00999358,0.795652174,0.6,0.074520118,NLT
79,116.6,36.95,3,NA,NAA,Cropland,758.3333333,13.75999359,0.640217391,0.6,0.091025135,NLT
80,118.12,36.95,3,NA,NAA,Cropland,662,14.45999357,0.552391304,0.63,0.132807243,NLT
81,101.25,37.53,3,NA,NAA,Grassland,486.5,0.499993885,0.834583333,3.02,0.092566464,LT
82,105.03,37.53,3,NA,NAA,Desert,164.879,9.134993693,0.040826087,0.43,0.090037635,NLT
83,101.32,37.62,3,NA,NAA,Grassland,592.6,-1.058642443,0.79253758,1.13,0.076010315,LT
84,101.32,37.62,3,NA,NAA,Cropland,389,-1.680006066,0.72,1.13,0.075142638,LT
85,112.32,37.72,3,NA,NAA,Forest,962.6666667,7.246660401,0.423333333,0.51,0.092394181,NLT
86,112.32,37.72,3,NA,NAA,Grassland,1027.666667,7.246660401,0.423333333,0.51,0.092394181,NLT
87,112.32,37.72,3,NA,NAA,Shrubland,1030.333333,7.196660402,0.467028986,0.51,0.090336011,NLT
88,112.6,37.8,3,NA,NAA,Cropland,1476,11.23999365,0.145434783,0.36,0.051489808,NLT
89,114.67,37.83,3,NA,NAA,Cropland,462.3333333,13.74999359,0.145434783,0.63,0.048385629,NLT
90,100.58,38.48,3,NA,NAA,Grassland,397.6666667,4.939993786,0.303478261,0.41,0.050238541,NLT
91,110.37,38.77,3,NA,NAA,Cropland,396.625,9.159993692,0.162173913,0.36,0.065835479,NLT
92,110.37,38.77,3,NA,NAA,Grassland,485.75,9.159993692,0.162173913,0.36,0.065835479,NLT
93,128.1,42.4,4,738,1,Forest,838.586,3.255630188,1.717518032,1.65,0.076960396,LT
94,125,42.5,4,NA,NAA,Forest,520.402,6.029993762,2.162084058,0.83,0.101736556,NLT
95,117.35,42.5,4,1400,2,Forest,537.0633333,0.755827213,0.930742754,1.6,0.094311951,LT
96,117.35,42.5,4,NA,NAA,Shrubland,584.5,0.713327214,0.937826087,1.6,0.095296354,LT
97,117.35,42.5,4,NA,NAA,Grassland,521.08,0.665812063,0.939986855,1.6,0.096714326,LT
98,120.72,42.93,4,NA,NAA,Grassland,279.4,7.029993739,0.201956522,0.43,0.070614655,NLT
99,116.37,43.43,4,NA,NAA,Grassland,262.8888889,1.577771639,0.29738124,1.65,0.121181919,LT
100,116.08,43.52,4,NA,NAA,Grassland,254.3333333,1.849993855,0.200217391,0.5,0.086008233,LT
101,116.55,43.53,4,NA,NAA,Grassland,185,2.643327171,0.206449275,0.4,0.091272443,LT
102,116.67,43.55,4,NA,NAA,Grassland,227.3333333,2.695296867,0.264948882,0.4,0.109503222,LT
103,116.67,43.55,4,NA,NAA,Forest,1274,1.329993867,0.292173913,0.4,0.094375893,LT
104,116.53,43.6,4,NA,NAA,Grassland,160,2.97999383,0.177826087,1.65,0.104348569,LT
105,115.9,44.08,4,NA,NAA,Grassland,123,3.426660487,0.118695652,1.2,0.0905153,LT
106,125.55,44.2,4,NA,NAA,Cropland,565.3766667,6.183327091,0.93,1.95,0.086150541,NLT
107,116.5,44.53,4,NA,NAA,Grassland,285,3.629993815,0.12625,1.37,0.092934,LT
108,127.67,45.4,4,300,1,Forest,583.7246667,1.343660533,2.436297907,0.74,0.114737544,LT
109,126.13,47.1,4,NA,NAA,Cropland,517.1666667,4.183327136,0.799637681,1.95,0.09458773,NLT
110,108.84,18.63,1,850,1,Forest,684.6333333,22.3099934,3.782608696,0.98,0.370724897,NLT
111,108.88,18.61,1,870,1,Forest,1673,22.1499934,7.13673913,0.73,0.496046968,NLT
112,108.84,18.61,1,1000,2,Forest,1239,22.2699934,3.507608696,0.98,0.375785692,NLT
113,109.91,19.71,1,33,1,Forest,972.18,25.36999333,2.47326087,1.12,0.607231115,NLT
114,110.08,21.27,2,99,1,Forest,1022.5,23.86999336,1.369782609,2.25,0.273282955,NLT
115,112.83,22.62,2,61,1,Forest,639.87,21.94999341,2.630222222,0.98,0.427219412,NLT
116,114.18,22.58,2,180,1,Forest,1887,23.03999338,0.454347826,0.98,0.262083008,NLT
117,112.54,23.17,2,275,1,Forest,961.5758333,22.77832672,4.597415862,1,0.289902754,NLT
118,112.54,23.18,2,125,1,Forest,992.1142857,22.9342791,4.377453417,1,0.277224645,NLT
119,112.55,23.17,2,NA,NAA,Forest,777.7406667,22.98799338,4.669217392,0,0.283660085,NLT
120,112.39,23.17,2,NA,NAA,Forest,1027.443333,22.4549934,3.356413044,1.26,0.171756985,NLT
121,112.57,23.17,2,300,1,Forest,1021.57,22.81599339,4.506869566,0,0.368322724,NLT
122,113.37,23.32,2,535,1,Forest,703.88,22.44999339,0.58326087,1.26,0.252993,NLT
123,113.79,23.33,2,106,1,Forest,772.91,21.09999342,2.493913043,0.98,0.18132749,NLT
124,113.78,23.33,2,209,1,Forest,838.64,21.09999342,2.493913043,0.98,0.18132749,NLT
125,113.44,25.23,2,465,1,Forest,1083,15.59999355,3.567608696,1.8,0.13750095,NLT
126,113.46,25.22,2,466,1,Forest,1572,15.59999355,3.22173913,1.12,0.140000138,NLT
127,100.83,21.82,2,1610,2,Forest,1460.23,21.28999342,3.286,1.26,0.04874406,NLT
128,101.27,21.93,2,750,1,Forest,1010.919167,22.51249339,3.17682971,1.17,0.06582796,NLT
129,100.63,22.18,2,700,1,Forest,1450,20.55999344,4.820434783,0.98,0.069553181,NLT
130,109.33,21.74,2,45,1,Forest,1030.04,22.91999338,1.016956522,1.02,0.278051325,NLT
131,106.83,22.17,2,550,1,Forest,829.6163636,21.70681159,2.604120553,0.98,0.094896185,NLT
132,106.94,22.46,2,198,1,Forest,1489.36,21.67999341,3.500434783,1.2,0.094041627,NLT
133,108.14,22.62,2,80,1,Forest,858.73,21.32999342,3.127826087,1,0.158667677,NLT
134,107.48,23.6,2,390,1,Forest,1104.554,20.49999344,1.899565217,1.2,0.11273561,NLT
135,110.13,24.94,2,150,1,Forest,842.91,18.60999348,2.552608696,1.24,0.170335846,NLT
136,110.27,25.59,2,240,1,Forest,791.418,19.35999346,5.756521739,1.24,0.100565946,NLT
137,116.41,25.68,2,400,1,Forest,1342.75,19.05999347,1.833369565,1.12,0.112763063,NLT
138,117.4,23.63,2,21,1,Forest,1234,23.07999338,1.183695652,NA,NA,NLT
139,119.67,25.97,2,9,1,Forest,1041.344444,20.55999344,0.758478261,0.4,NA,NLT
140,117.47,26.15,2,305,1,Forest,1127.775,19.84999345,4.638888889,1.24,0.128785909,NLT
141,117.47,26.18,2,305,1,Forest,1212.118182,20.21503476,4.215703997,1.24,0.083695236,NLT
142,117.6,26.32,2,330,1,Forest,971.2172222,18.3111046,4.444305958,1.24,0.075513716,NLT
143,119.08,26.21,2,370,1,Forest,806.06,20.99999343,2.733913043,1.24,0.088523924,NLT
144,117.47,26.16,2,300,1,Forest,1262.95,20.44285058,4.584409938,1.24,0.063018354,NLT
145,117.95,26.47,2,200,1,Forest,926.9808333,20.06999345,4.59826087,1.24,0.105037806,NLT
146,118.17,26.67,2,350,1,Forest,890.4293333,19.27799347,3.251857005,1.24,0.070694074,NLT
147,117.98,26.8,2,230,1,Forest,878.59,18.98999347,4.204782609,1.12,0.100241867,NLT
148,118.19,26.94,2,200,1,Forest,1391,19.60999346,4.043913043,1.24,0.122637112,NLT
149,118.38,27.07,2,410,1,Forest,1063.31,19.94726618,2.440948616,1.24,0.110605382,NLT
150,107.98,25.25,2,735,1,Forest,973.5,15.87999354,2.706613527,1.2,0.076743919,NLT
151,106.77,26.53,2,1200,2,Forest,1174.975,14.77499357,0.947173914,2.13,0.073517426,NLT
152,115.05,26.73,2,107,1,Forest,743.4666667,19.29666013,1.886449275,1.12,0.184697241,NLT
153,115.06,26.74,2,102,1,Forest,696.2665217,19.20868912,2.271483932,1.12,0.163771261,NLT
154,115.07,26.73,2,88,1,Forest,477.975,19.49999346,2.127608696,1.12,0.14762463,NLT
155,115.06,26.75,2,88,1,Forest,584,19.34499347,2.121195653,1.12,0.160580072,NLT
156,114.63,27.67,2,280,1,Forest,865.4372727,17.83317532,3.947401186,1.24,0.182632376,NLT
157,115.71,29.29,2,60,1,Forest,624.41,19.89999345,2.50173913,1.12,0.323172805,NLT
158,109.78,26.91,2,350,1,Forest,570,17.5499935,2.08826087,1.8,0.114844624,NLT
159,109.6,26.83,2,650,1,Forest,508.04,15.62999355,3.126,1.24,0.079394255,NLT
160,109.43,26.67,2,450,1,Forest,507.2484615,15.58537816,3.485682646,1.8,0.092219816,NLT
161,110.13,27.15,2,350,1,Forest,585,16.46999353,3.347173913,1.24,0.093006606,NLT
162,113.03,28.11,2,75,1,Forest,754.7875,18.42832682,0.428327295,1.12,0.140262275,NLT
163,113.04,28.11,2,80,1,Forest,902.7118182,18.58726621,0.362753623,1.12,0.11296124,NLT
164,113.31,28.41,2,241,1,Forest,364.39,17.41999351,1.518,1.24,0.231573775,NLT
165,118.11,29.21,2,375,1,Forest,593.3333333,13.2399936,4.136521739,3.07,0.072689618,NLT
166,118.24,29.34,2,479,1,Forest,295.67,15.19999356,4.979555556,1.16,0.087539413,NLT
167,118.24,29.35,2,473,1,Forest,274.81,15.19999356,4.979555556,1.16,0.087539413,NLT
168,118.23,29.35,2,449,1,Forest,441.265,15.19999356,4.979555556,1.16,0.087539413,NLT
169,118.14,29.34,2,368,1,Forest,457.26,15.24999356,4.474444444,1.8,0.093288853,NLT
170,118.14,29.33,2,392,1,Forest,437.37,15.24999356,4.474444444,1.8,0.093288853,NLT
171,118.21,29.3,2,656,1,Forest,382.31,13.2399936,4.979555556,1.8,0.086244189,NLT
172,118.19,29.28,2,743,1,Forest,448.35,13.03999361,5.138888889,1.8,0.088154712,NLT
173,121.79,29.8,2,154,1,Forest,1283,15.96999354,4.061086957,3.07,0.540336354,NLT
174,121.8,29.81,2,214,1,Forest,1077,17.10999351,1.717826087,3.07,0.534672094,NLT
175,119.65,30.23,3,NA,NAA,Forest,454.88375,17.7599935,3.016521739,1.12,0.095222161,NLT
176,119.7,30.23,3,150,1,Forest,1067.47125,17.4321526,2.693097826,3.07,0.086893713,NLT
177,119.84,30.25,3,150,1,Forest,598.38,17.37999351,2.816304348,3.07,0.051888815,NLT
178,119.84,30.26,3,150,1,Forest,596.18,17.5199935,2.535434783,3.07,0.42169223,NLT
179,119.78,30.22,3,150,1,Forest,1100.955,17.45999351,1.464565217,3.07,0.222100527,NLT
180,119.43,30.33,3,330,1,Forest,1296.572,13.78599359,3.139347826,3.07,0.087439738,NLT
181,102.35,29.23,2,1145,2,Forest,974.2,14.91999356,3.301304348,1.8,0.069865639,NLT
182,103,29.57,2,3050,4,Forest,590.753,8.477993707,4.022956522,0.74,0.097320007,NLT
183,103.45,30.73,3,826,1,Forest,1083.47,14.90999356,3.732391304,1.08,0.057924095,NLT
184,103.03,30.93,3,3091,4,Forest,794.32,3.099993827,1.928,0.74,0.047798746,LT
185,103.62,30.98,3,911,1,Forest,750.3425,16.15999354,3.626739131,0.86,0.06938039,NLT
186,105.47,31.27,3,500,1,Forest,562.6833333,17.78777128,1.065193237,0.75,0.10246802,NLT
187,102.93,31.3,3,3035,4,Forest,1067.634,-6.694005954,2.090478261,3.02,0.069433824,LT
188,94.39,29.71,2,3980,4,Forest,976,-0.1400061,2.656086957,0.98,0.071239442,LT
189,106.34,29.78,2,770,1,Forest,845.0536364,18.90272075,2.445999121,1.16,0.102330496,NLT
190,110.66,30.91,3,950,1,Forest,714.6066667,14.42999357,2.502888889,1.45,0.079540706,NLT
191,110.49,31.33,3,1321,2,Forest,466.81,7.559993728,3.5725,0.74,0.070913086,NLT
192,110.49,31.32,3,1325,2,Forest,627.03,7.559993728,3.5725,0.74,0.070913086,NLT
193,111.22,32.75,3,355,1,Forest,1107.56,14.67666023,0.664927537,1.2,0.190314829,NLT
194,118.15,33.7,3,15,1,Forest,974,15.42999355,1.057173913,0.97,0.247354503,NLT
195,106.83,34.33,3,1652,2,Forest,815.4533333,11.01999365,2.93673913,0.7,0.072451872,NLT
196,107.67,35.22,3,1095,2,Forest,750.8888889,11.31221587,0.720217928,0.65,0.070170076,NLT
197,109.53,36.42,3,1353,2,Forest,990.5027273,8.486357343,0.911106719,0.65,0.049387469,NLT
198,109.42,36.42,3,1353,2,Forest,1021.611429,9.297136546,0.924565217,0.79,0.070573583,NLT
199,109.32,36.85,3,1198,2,Forest,524.73,8.999993695,0.453913043,0.6,0.064976991,NLT
200,111.92,33.47,3,1344,2,Forest,730.1854545,11.33544819,2.867865613,0.7,0.078727064,NLT
201,105.85,34.26,3,1650,2,Forest,556.79,6.939993741,1.615111111,0.41,0.056110281,NLT
202,100.28,38.4,3,2750,3,Forest,557.1933333,-4.965460538,0.231183013,1.41,0.065073566,LT
203,100.12,39.35,3,1386,2,Forest,850,9.859993676,0,2.41,0.071691356,NLT
204,112.1,36.07,3,1653,2,Forest,556.5083333,9.099993693,0.901304348,0.65,0.063808152,NLT
205,112.39,37.74,3,1390,2,Forest,892.75,7.109993738,0.679130435,0.75,0.080915929,NLT
206,112.37,37.73,3,1443,2,Forest,1212.3,7.157686044,0.476789298,0.75,0.079993568,NLT
207,116.25,39.53,3,30,1,Forest,640.48,13.75666026,0.595869565,0.6,0.038064303,NLT
208,115.43,39.95,3,1350,2,Forest,441.5,6.719993747,3.115326087,0.3,0.071153424,NLT
209,115.43,39.96,3,1050,2,Forest,414,6.829993744,1.362608696,0.74,0.071575931,NLT
210,115.42,39.96,3,1150,2,Forest,422.5,6.274993757,3.291847826,0.74,0.073976548,NLT
211,116.1,40.07,4,145,1,Forest,643.5,8.259993712,1.53173913,0.41,0.067661076,NLT
212,116.08,40.05,4,145,1,Forest,506.5,7.929993719,1.185891305,0.98,0.063985553,NLT
213,116.47,39.9,3,140,1,Forest,357.1428571,13.33142217,0.212135266,0.65,0.028478142,NLT
214,114.26,37.88,3,644,1,Forest,602.296,12.88999361,0.784304348,0.36,0.069099763,NLT
215,124.92,41.85,4,680,1,Forest,498.4566667,4.049993806,2.08826087,0.74,0.078186791,NLT
216,124.9,41.85,4,680,1,Forest,535.16,3.999993807,2.08826087,0.74,0.078186791,NLT
217,123.6,41.91,4,122,1,Forest,551.105,8.899993698,0.50673913,1.95,0.079954528,NLT
218,128.47,42.4,4,738,1,Forest,716.89,3.119993827,2.008913043,0.74,0.072599762,LT
219,128.08,42.4,4,740,1,Forest,562.876,3.175993826,1.738956522,0.82,0.084131784,LT
220,127.53,45.38,4,490,1,Forest,603.9908333,2.53749384,1.903115942,0.74,0.141379323,LT
221,127.57,45.27,4,300,1,Forest,794.8083333,2.564993839,1.939021739,0.74,0.123086039,LT
222,127.57,45.33,4,340,1,Forest,634.915,2.974279544,2.184192547,0.74,0.120266334,LT
223,127.58,45.35,4,340,1,Forest,525.312,2.823993833,2.093521739,0.74,0.132539054,LT
224,128.87,47.19,4,400,1,Forest,956.57,1.379993866,3.01826087,0.74,0.09558338,LT
225,128.87,47.18,4,310,1,Forest,680,1.924993854,3.194021739,0.74,0.090704146,LT
226,128.89,47.19,4,392,1,Forest,670.43,2.269993846,3.167826087,0.74,0.094390808,LT
227,128.9,47.15,4,365,1,Forest,706.87,2.269993846,3.292173913,1.95,0.09444579,LT
228,125.48,51.37,5,463,1,Forest,882.055,-0.900006083,1.632444444,0.74,0.063005947,LT
229,121.5,50.93,5,810,1,Forest,609.34,-5.442505982,1.878804348,0.74,0.115461734,LT
230,121.51,50.83,5,826,1,Forest,940.48,-5.550005979,1.715217391,0.74,0.08954151,LT
231,117.54,25.94,2,717,1,Forest,1351.36,16.56999353,4.196086957,1.16,0.08461576,NLT
232,114.25,29.68,2,168,1,Forest,924.55,15.26999356,2.386,1.02,0.349669865,NLT
233,113.88,29.69,2,161,1,Forest,897,16.98999352,1.288,1.24,0.404007745,NLT
234,113.88,29.71,2,160,1,Forest,889.09,17.30999351,1.288,0.83,0.38870052,NLT
235,104.58,28.42,2,889,1,Forest,1260.6,19.71999346,2.102608696,1.45,0.097699077,NLT
236,119.98,30.08,3,29,1,Forest,1286.278,17.7939935,2.558782609,1.12,0.069926795,NLT
237,119.57,30.3,3,185,1,Forest,1144,17.28999351,2.511521739,3.07,0.079484178,NLT
238,119.67,30.48,3,380,1,Forest,1181,12.39499362,3.169130435,1.8,0.078674757,NLT
239,119.66,30.46,3,380,1,Forest,1201.91,12.62999361,3.092608696,1.8,0.101560515,NLT
240,92.93,34.82,3,4635,4,Grassland,597.0416667,-3.515006025,0.114475902,2.27,0.094610091,LT
241,101.2,37.62,3,3200,4,Grassland,970.915,0.204539347,0.764791231,1.13,0.094242947,LT
242,91.08,30.85,3,4333,4,Grassland,945.958,-0.507733365,0.12983822,1.95,0.14998671,LT
243,111.89,41.78,4,NA,NAA,Grassland,575.5678571,4.78499379,0.143164813,1.2,0.085187522,NLT
244,102.37,32.45,3,3561,4,Grassland,469.59,2.362266571,1.1280182,1.95,0.132258273,LT
245,111.88,41.78,4,NA,NAA,Grassland,581.5315385,4.78499379,0.143164813,1.2,0.085187522,NLT
246,101.2,37.48,3,NA,NAA,Grassland,1729.211176,-3.60227875,0.617178969,3.02,0.074188139,LT
247,118.37,45.95,4,NA,NAA,Grassland,447.9766667,0.029084805,0.300273003,1.65,0.11754929,LT
248,116.37,42.2,4,NA,NAA,Grassland,775.26,3.106357463,0.267087968,0.43,0.093182452,LT
249,111.87,41.87,4,NA,NAA,Grassland,888.1166667,4.403175616,0.120121335,1.2,0.086643843,NLT
250,116.7,43.63,4,1200,2,Grassland,624.485,2.33544839,0.231357432,0.4,0.100158762,LT
251,114.5,27.5,2,NA,NAA,Forest,631,17.53362987,4.520283114,1.24,0.209195583,NLT
252,112.9,22.7,2,NA,NAA,Forest,497,22.65317521,1.603104146,1.26,0.427199053,NLT
253,115.1,26.7,2,NA,NAA,Forest,554,19.5213571,2.366157735,1.24,0.175706752,NLT
254,114.6,36.9,3,NA,NAA,Cropland,476,14.85726629,0.481587462,1.3,0.061251186,NLT
255,90,31.2,3,NA,NAA,Grassland,51,-0.351369732,0.178564206,0.7,0.120216735,LT
256,91.1,30.9,3,NA,NAA,Grassland,369,-0.507733365,0.220738119,1.41,0.15940904,LT
257,101.3,37.6,3,NA,NAA,Grassland,820.1615385,0.513560319,0.740498371,1.65,0.081857043,LT
258,102,29.7,2,NA,NAA,Forest,864.1666667,-10.41182405,1.401112235,1.59,0.056379652,LT
259,103,30.5,3,NA,NAA,Forest,824.8333333,4.585902885,3.70958544,0.74,0.064252929,NLT
260,108.1,34.3,3,NA,NAA,Cropland,426,14.32772085,0.557957533,1.15,0.082996976,NLT
261,110.9,23.5,2,NA,NAA,Forest,922.5,21.97272068,3.544802831,0.98,0.142362208,NLT
262,111.9,33.5,3,NA,NAA,Forest,868.7142857,11.87979883,2.841422794,0.7,0.075321314,NLT
263,112.4,23.3,2,NA,NAA,Forest,578,22.04362977,4.199373104,1.24,0.136800486,NLT
264,115.5,43.9,4,NA,NAA,Cropland,390,3.193630189,0.156521739,1.2,0.092959311,LT
265,115.4,40,4,NA,NAA,Forest,273,8.632266431,1.37322548,0.74,0.070730916,NLT
266,116.1,43.4,4,NA,NAA,Cropland,212.29,1.966812034,0.318351871,1.28,0.109672504,LT
267,116.9,28.3,2,NA,NAA,Cropland,662.5,19.00272074,0.695834176,1,0.288366916,NLT
268,120.4,29.9,2,NA,NAA,Forest,640.3333333,18.17044804,2.242133468,1.8,0.336476598,NLT
269,124.9,41.9,4,NA,NAA,Forest,498.3333333,3.713175632,1.811799798,0.74,0.090813373,LT
270,127.7,45.4,4,NA,NAA,Forest,759.75,1.382266593,2.398827098,0.74,0.121477194,LT
271,101.29,37.62,3,3250,4,Grassland,780.5,-0.079097011,0.723953488,1.13,0.087381699,LT
272,102.55,32.8,3,3600,4,Grassland,1091,2.034993851,1.14338726,39.4,0.153592465,LT
273,107.68,35.23,3,1220,2,Grassland,574.5,10.6388573,0.688184923,0.65,0.063122169,NLT
274,123.76,46,4,142,1,Grassland,219,5.523630137,0.540899899,1.37,0.146396686,NLT
275,100.85,36.95,3,3140,4,Grassland,452.1566667,1.733024161,0.585674081,1.2,0.181793944,LT
276,124.03,45.75,4,1130,2,Grassland,203,5.637721043,0.610374115,1.95,0.132493667,NLT
277,115.71,29.29,2,60,1,Grassland,1145,19.43044801,2.355682508,1.12,0.383957163,NLT
278,117.65,27.74,2,2100,3,Grassland,844,10.45499366,5.499575329,1.8,0.088619551,NLT
279,99.93,38.42,3,3050,4,Grassland,939,-0.892733356,0.393104146,1.41,0.062392558,LT
280,104.15,35.95,3,1966,2,Grassland,214.5,8.419993708,0.202467139,0.46,0.056750189,NLT
281,100.22,34.46,3,3947,4,Grassland,473,0.612721156,0.697664307,3.02,0.100788542,LT
282,92.94,34.73,3,4700,4,Grassland,308.5,-4.750005997,0.141304348,1.41,0.094185239,LT
283,101.2,37.5,3,3200,4,Grassland,696,-3.418460573,0.63044932,3.02,0.070657982,LT
284,116.83,43.51,4,1343,2,Grassland,254.325,1.68965295,0.260480283,0.5,0.093971483,LT
285,116.55,43.54,4,1130,2,Grassland,148,2.982721103,0.191673408,0.4,0.106181277,LT
286,115.9,44.09,4,970,1,Grassland,122.8875,3.423289275,0.121218403,1.2,0.091455062,LT
287,100,38.24,3,2500,3,Grassland,476,0.168175711,0.351638018,1.13,0.059963448,LT
288,100.01,38.24,3,2600,3,Grassland,452,-0.790460631,0.41016178,1.13,0.059963448,LT
289,100.01,38.23,3,2700,3,Grassland,423,-0.790460631,0.41016178,1.13,0.059963448,LT
290,100.02,38.23,3,2800,3,Grassland,384,-0.790460631,0.41016178,1.13,0.059963448,LT
291,100.03,38.23,3,2900,3,Grassland,365,-0.790460631,0.41016178,1.13,0.059963448,LT
292,100.03,38.22,3,3000,3,Grassland,310,-0.790460631,0.41016178,1.13,0.059963448,LT
293,106.43,36.27,3,1974,2,Grassland,581,7.634993726,0.21182002,0.36,0.066304503,NLT
294,118.05,32,3,6,1,Grassland,1160.625,15.87567536,1.23385187,1.06,0.169179328,NLT
295,120.05,49.32,4,628,1,Grassland,519.1,-1.295006075,0.405588923,1.65,0.100048114,LT
296,116.68,43.57,4,1225,2,Grassland,375,2.041812033,0.220202224,1.28,0.109685156,LT
297,116.91,44.09,4,923,1,Grassland,128,2.213630211,0.215995956,0.4,0.10847583,LT
298,107.67,35.22,3,1095,2,Grassland,583,11.38192546,0.721373863,0.65,0.07374231,NLT
299,115.68,41.77,4,1380,2,Grassland,1812,3.104084737,0.4479818,0,0.11259882,LT
300,114.25,37.9,3,374,1,Grassland,602.85,13.08658452,0.6765091,0.36,0.073443979,NLT
301,116.27,44.81,4,1160,2,Grassland,252,3.360902912,0.115156724,1.2,0.092731979,LT
302,104.42,36.03,3,2400,3,Grassland,484.9942857,5.0768769,0.161184458,0.46,0.067406464,NLT
303,121.52,31.65,3,4,1,Grassland,2407,16.9918117,0.718493428,0.41,0.451564767,NLT
304,117.32,36.28,3,730,1,Grassland,429,15.17317538,0.812639029,0.74,0.10621439,NLT
305,116.68,43.55,4,1200,2,Grassland,278,2.041812033,0.258968655,0.4,0.110730763,LT
306,114.24,37.91,3,350,1,Grassland,710,12.56635725,0.589322548,0.98,0.066494777,NLT
307,105.47,31.27,3,500,1,Grassland,480,17.30226624,1.112093023,0.75,0.102724364,NLT
308,114.4,37,3,NA,NAA,Cropland,199,13.62999359,0.366521739,0.6,0.086852874,NLT
309,116.93,28.26,2,NA,NAA,Cropland,547.75,18.47999348,0.545454545,1,0.288366916,NLT
310,105.47,31.27,3,500,1,Cropland,241.4425,17.6774935,1.039782609,0.75,0.103107895,NLT
311,117.43,26.19,2,NA,NAA,Forest,866.6507692,20.60460882,4.845401338,1.24,0.093523195,NLT
312,116.78,43.55,4,1225,2,Grassland,375,1.406660532,0.311376812,0.4,0.104723184,LT
313,115.91,44.09,4,923,1,Grassland,128.6666667,3.499993818,0.117608696,1.2,0.089426628,LT
314,116.25,44,4,1225,2,Grassland,185.2,2.251993846,0.222565217,1.28,0.088403726,LT
315,114.37,30.03,3,NA,NAA,Cropland,308,18.18999349,0.661086957,0.83,0.344862376,NLT
316,114.37,30.03,3,NA,NAA,Forest,181,18.18999349,0.661086957,0.83,0.344862376,NLT
317,111.45,28.92,2,NA,NAA,Cropland,554.3333333,17.54332684,1.453405797,1.12,0.241839228,NLT
318,112.54,23.15,2,250,1,Forest,808,22.77999339,4.292608696,1.26,0.347769112,NLT
319,109.75,26.83,2,335,1,Forest,829,17.7399935,2.380434783,1.8,0.120143226,NLT
320,93.08,35.22,3,4767,4,Grassland,79.605,-4.990005992,0.058829052,1.41,0.099573299,LT
321,110.5,31,3,382,1,Forest,185,16.04999354,2.021086957,0.75,0.091475678,NLT
322,117.83,26.42,2,NA,NAA,Forest,915,20.13499345,2.904782609,1.45,0.092870608,NLT
323,116.55,43.59,4,1130,2,Grassland,184.8166667,2.643327171,0.204927536,1.65,0.091726568,LT
324,113.02,28.1,2,80,1,Forest,492.258,18.61399348,0.552608696,1.12,0.137650619,NLT
325,120,30.37,3,150,1,Forest,1151,17.7899935,1.647608696,1.31,0.170041797,NLT
326,112,33.5,3,1450,2,Forest,730.25,11.61999364,2.808913043,1.45,0.066736709,NLT
327,103.63,30,3,600,1,Forest,585,17.34999351,0.951956522,2.41,0.140706975,NLT
328,112.6,23.17,2,250,1,Forest,991.5,22.72999339,1.102065217,1.12,0.396908536,NLT
329,102,30,3,NA,NAA,Shrubland,554.3333333,2.309993845,2.483043478,1.41,0.06020331,LT
330,112.5,23.17,2,350,1,Forest,1126.7,21.14570771,4.342608696,1,0.278509247,NLT
331,112.23,29.49,2,NA,NAA,Wetland,580.0933333,17.5999935,0.982391304,1.07,0.212381265,NLT
332,121.12,31.2,3,NA,NAA,Cropland,742,17.28999351,0.719565217,0.8,0.201600097,NLT
333,117.91,24.4,2,NA,NAA,Wetland,650,21.73999341,0.461333333,0.46,0.20365844,NLT
334,117.92,29.13,2,170,1,Forest,494,17.40999351,4.63826087,1.12,0.1045574,NLT
335,112.37,37.73,3,NA,NAA,Grassland,1519.8,7.173993736,0.477695652,0.75,0.078779406,NLT
336,108.88,18.73,1,870,1,Forest,1673,18.85999347,7.545217391,1.8,0.6003159,NLT
337,108.87,18.73,1,880,1,Forest,1510,18.85999347,5.673478261,1.8,0.6003159,NLT
338,111.3,30.8,3,950,1,Forest,773.3333333,17.17999351,2.620666667,1.2,0.112037944,NLT
339,109.53,26.42,2,1353,2,Forest,795,15.40999355,3.254130435,1.45,0.100066999,NLT
340,109.53,26.42,2,1353,2,Shrubland,657.5,15.40999355,3.254130435,1.45,0.100066999,NLT
341,101.83,29.42,2,NA,NAA,Forest,775.5,3.099993827,0.830652174,1.41,0.051313658,LT
342,101.83,29.42,2,NA,NAA,Shrubland,1135,3.099993827,0.830652174,1.41,0.051313658,LT
343,114.25,37.9,3,387,1,Shrubland,464.1,12.92999361,0.763695652,0.36,0.068647209,NLT
344,114.26,37.9,3,381,1,Forest,648.5,12.92999361,0.779782609,0.36,0.068647209,NLT
345,105.85,34.25,3,1650,2,Forest,428.85,6.809993744,1.800434783,0.51,0.069079978,NLT
346,103.6,29.5,2,NA,NAA,Forest,427,18.83999348,1.474888889,1.45,0.082388006,NLT
347,121.5,31.67,3,NA,NAA,Cropland,1010,NaN,0.70326087,0.42,0.482306667,
348,121.5,31.67,3,NA,NAA,Forest,1007,NaN,0.70326087,0.42,0.482306667,
349,104.67,35.2,3,1200,2,Grassland,254.8333333,7.854993721,0.206352657,0.65,0.067025546,NLT
350,115.94,40.37,4,535,1,Forest,838,8.399993709,0.37326087,0.65,0.062631468,NLT
351,109.6,26.8,2,NA,NAA,Forest,511,15.63999355,2.935869565,1.24,0.113461063,NLT
352,113.83,29.67,2,161,1,Forest,897,16.50999353,1.294782609,0.83,0.434090908,NLT
353,101.27,21.92,2,568,1,Forest,770.5,22.74499339,4.219021739,1.17,0.068921525,NLT
354,121.96,31.53,3,NA,NAA,Wetland,487.7833333,NaN,0.71884058,NA,0.498315293,
355,113.35,23.17,2,NA,NAA,Forest,1118,21.97999341,1.25826087,1.12,0.13415735,NLT
356,115.53,39.96,3,1050,2,Forest,237,7.949993719,4.868043478,0.65,0.068659943,NLT
357,117.9,24.38,2,NA,NAA,Forest,188,22.2999934,0.499347826,0.46,NA,NLT
358,102.7,31.78,3,3215,4,Forest,955.3333333,-2.810006041,1.358695652,0.74,0.060435937,LT
359,120.15,30.23,3,NA,NAA,Cropland,430,17.35999351,2.246086957,0,0.262507598,NLT
360,118.72,32.2,3,NA,NAA,Forest,878.2,16.2866602,0.857117552,0.98,0.146332574,NLT
361,107.67,35.22,3,1095,2,Cropland,608.4271429,11.64427935,0.761708075,0.65,0.076156577,NLT
362,103.9,31.62,3,NA,NAA,Forest,578.7875,9.609993682,2.755200483,3.02,0.057443198,NLT
363,114.27,37.88,3,350,1,Forest,639.565,12.77999361,0.79673913,0.36,0.070344286,NLT
364,114.27,37.88,3,350,1,Shrubland,484,12.92999361,0.779782609,0.36,0.068647209,NLT
365,114.27,37.88,3,350,1,Grassland,704,12.92999361,0.779782609,0.36,0.068647209,NLT
366,103.23,29.7,2,600,1,Forest,427.815,18.18499349,3.909927536,1.45,0.090969112,NLT
367,110,27,2,NA,NAA,Forest,439,18.07999349,3.159782609,1.24,0.105745537,NLT
368,107.68,35.23,3,280,1,Cropland,511,10.19999367,0.700222222,0.65,0.056546071,NLT
369,120.43,30.42,3,200,1,Forest,755,17.18999351,0.911555556,1.12,0.161325287,NLT
370,105.03,32.53,3,1300,2,Desert,69.5,13.65999359,2.668478261,0.98,0.05296507,NLT
371,121.97,31.63,3,NA,NAA,Wetland,1157,NaN,0,NA,NA,
372,119.23,30.2,3,NA,NAA,Forest,571,16.27999353,3.900888889,3.07,0.077857171,NLT
373,117.97,26.8,2,NA,NAA,Forest,837,19.36999346,4.214347826,1.12,0.097094969,NLT
374,121.65,29.87,2,200,1,Forest,947.935,17.25999351,0.418478261,1.2,0.486542726,NLT
375,116.42,40.08,4,NA,NAA,Forest,1462,12.58999362,0.303913043,0.41,0.034083082,NLT
376,109.53,36.39,3,1395,2,Forest,987.3333333,8.009993717,1.051521739,0.79,0.072663706,NLT
377,106.8,22.08,2,NA,NAA,Forest,1816,22.4199934,2.898043478,0.98,0.100583505,NLT
378,116.8,42.18,4,1324,2,Grassland,720,3.004438274,0.300116479,0.43,0.087900453,LT
379,107.12,26.97,2,1250,2,Forest,844.29,13.63999359,1.641304348,1.16,0.082643657,NLT
380,106.98,27.05,2,1250,2,Forest,779.95,14.07999358,1.349782609,1.08,0.090771225,NLT
381,106.85,26.88,2,1225,2,Forest,949.87,13.65999359,1.512173913,1.08,0.079849786,NLT
382,105.03,37.53,3,1330,2,Shrubland,176.72,9.179993691,0.045913044,0.43,0.087602342,NLT
383,112.51,23.15,2,200,1,Forest,1484.833333,22.61999339,4.359565217,1.26,0.392868518,NLT
384,119.61,26.07,2,450,1,Forest,1029.34,20.58999344,0.923695652,1.24,0.504234866,NLT
385,112.55,37.87,3,1019,2,Shrubland,1085.5,11.54999364,0.2,0,0.052590308,NLT
386,108.33,33.38,3,NA,NAA,Forest,2528.79,9.649993681,3.029583333,1.45,0.060383929,NLT
387,110.52,31.35,3,780,1,Forest,615.71,11.64999364,3.064130435,0.74,0.06034705,NLT
388,110.52,31.3,3,1970,2,Forest,657.72,10.55999366,3.256086957,0.74,0.064047382,NLT
389,112.59,37.8,3,785,1,Cropland,1502.38,11.23999365,0.145434783,0.6,0.051489808,NLT
390,117.64,26.26,2,NA,NAA,Forest,924.1166667,18.40499349,3.912717391,1,0.083124681,NLT
391,108.94,34.26,3,NA,NAA,Grassland,366.46,15.10999356,0.32173913,0,0.059854406,NLT
392,115.07,26.74,2,NA,NAA,Forest,932.45,19.06999347,2.235833333,1.12,0.177854963,NLT
393,115.07,26.74,2,NA,NAA,Cropland,1214.82,19.06999347,2.235833333,1.12,0.177854963,NLT
394,114.68,37.88,3,50,1,Cropland,397.85,14.24999358,0.424222222,0.63,0.039501598,NLT
395,103.92,31.62,3,NA,NAA,Forest,434.35,-1.780006064,2.432608696,3.02,0.06447452,LT
396,111.5,23.33,2,NA,NAA,Forest,1714.31,21.78999341,1.316086957,1.26,0.136083141,NLT
397,109.53,36.42,3,1353,2,Shrubland,1006.64,8.34999371,0.913333333,0.65,0.047917549,NLT
398,101.83,30,3,3050,4,Forest,895.63,-0.550006091,0.562608696,0.74,0.054331515,LT
399,109.31,21.73,2,45,1,Forest,1022.72,23.10999338,0.892391304,1.02,0.277353775,NLT
400,110.53,25.19,2,NA,NAA,Forest,977.35,15.53999355,2.14673913,3.07,0.173454724,NLT
401,110.54,25.19,2,NA,NAA,Forest,1305.15,15.53999355,2.14673913,3.07,0.173454724,NLT
402,112.33,22.62,2,NA,NAA,Forest,642.72,21.62999341,2.299333333,0.98,0.166203557,NLT
403,120.75,33.32,3,4,1,Cropland,285.5,NaN,0.42673913,NA,NA,
404,101.27,23.77,2,2180,3,Forest,905.73,17.39999351,3.152391304,1.26,0.055605552,NLT
405,117.72,26.5,2,NA,NAA,Forest,1140.22,18.74999348,4.277555556,1.24,0.09017454,NLT
406,116.38,40.02,4,51,1,Forest,394,12.65999361,0.399347826,0.41,0.033991563,NLT
407,117.97,36.95,3,18,1,Cropland,1006.63,14.31999358,0.72173913,0.63,0.078877144,NLT
408,114.22,37.88,3,350,1,Forest,444.655,13.78999359,0.477826087,0.36,0.052285296,NLT
409,102.97,30.88,3,2700,3,Forest,715.24,0.929993876,1.663913043,0.74,0.062846243,LT
410,112.33,29.8,2,NA,NAA,Wetland,697.1,17.41999351,1.108478261,0.6,0.263883167,NLT
411,116.03,44.8,4,NA,NAA,Grassland,251.67,3.919993809,0.091086957,0.65,0.102047245,NLT
412,113.29,23.1,2,NA,NAA,Grassland,919.8,22.2999934,0.200217391,0.86,0.16198764,NLT
413,119.98,30.1,3,NA,NAA,Forest,1392.64,17.5999935,4.430666667,1.12,0.156148768,NLT
414,100.98,21.82,2,1610,2,Cropland,1213.2,23.33999337,2.202222222,1.26,0.054977015,NLT
415,100.85,21.83,2,1610,2,Cropland,1527.6,21.28999342,3.286,1.17,0.04874406,NLT
416,100.83,21.83,2,1610,2,Forest,1462.8,21.28999342,3.286,1.26,0.04874406,NLT
417,112.52,23.17,2,NA,NAA,Forest,1075.41,22.82999339,5.403913044,1,0.260506662,NLT
418,113.88,29.7,2,160,1,Forest,3560,16.98999352,1.288,1.24,0.404007745,NLT
419,110.98,34.51,3,NA,NAA,Cropland,813.13,14.95999356,0.513913043,0.36,0.084104539,NLT
420,120.16,30.27,3,NA,NAA,Wetland,1273.44,17.6099935,0.85,0.86,0.216582547,NLT
421,114.26,37.88,3,594,1,Grassland,495.18,12.92999361,0.779782609,0.36,0.068647209,NLT
422,114.26,37.88,3,594,1,Cropland,910.98,12.92999361,0.779782609,0.36,0.068647209,NLT
423,103.97,35.74,3,3548,4,Grassland,850.3333333,-1.920006061,0.64173913,3.02,0.073824647,LT
424,105.48,31.27,3,500,1,Cropland,462.8,17.03499352,1.276251208,0.75,0.103897621,NLT
425,109.98,26.92,2,700,1,Cropland,711.45,18.28999349,3.275869565,1.24,0.102333591,NLT
426,114.7,37.88,3,50,1,Cropland,445.3,14.24999358,0.522,0.63,0.03672776,NLT
427,111.93,31.97,3,1400,2,Forest,539.9256026,16.34749353,2.295597826,1.45,0.179135958,NLT
428,102.64,37.96,3,1506,2,Cropland,414.855,9.149993692,0.417041063,1.12,0.065118992,NLT
429,120.8,23.68,2,1120,2,Forest,1141.25,18.07999349,4.092445652,1.8,0.165377464,NLT
430,100.63,22.2,2,700,1,Forest,542.43,20.55999344,4.820434783,0.98,0.069553181,NLT
431,108.9,18.6,1,870,1,Forest,1433.5,24.07999336,2.811086957,1.17,0.59877939,NLT
432,115.05,26.74,2,102,1,Forest,773.1,19.73999346,2.029130435,1.12,0.157953929,NLT
433,126.62,47.43,4,NA,NAA,Cropland,296.5,2.827493833,1.171318841,1.95,0.095771569,LT
434,104.41,36.03,3,2400,3,Cropland,563.925,5.289993778,0.181630435,0.46,0.071933843,NLT
435,116.83,40.5,4,NA,NAA,Wetland,892.332,10.31999367,1.521521739,0.65,0.064946224,NLT
436,102.75,25.05,2,2004,3,Forest,529.25,16.35999353,0.260434783,0.98,0.080863095,NLT
437,125.45,51.4,5,463,1,Forest,920,-2.270006053,1.247608696,0.74,0.095392406,LT
438,103.25,29.53,2,1600,2,Forest,553.5,13.97999358,3.865869565,0.74,0.08399094,NLT
439,112.9,22.68,2,NA,NAA,Shrubland,727,22.2999934,1.535434783,1.26,0.421868514,NLT
440,116.88,34.3,3,265,1,Cropland,371.1,15.77999354,1.001086957,0.7,0.078593593,NLT
441,101.27,21.91,2,596,1,Forest,636.5,22.96999338,4.265,1.17,0.067708145,NLT
442,101.24,21.94,2,585,1,Forest,509,22.96999338,4.484565217,1.12,0.062525355,NLT
443,118.2,29.2,2,375,1,Forest,558.18,15.60999355,4.900434783,3.07,0.094119485,NLT
444,115,37.33,3,NA,NAA,Cropland,1825,14.62999357,0.671304348,0.6,0.058464258,NLT
445,89.74,28.47,2,3260,4,Forest,1280,-2.330006051,0.055869565,1.41,0.076427368,LT
446,89.86,28.47,2,2640,3,Forest,1450,1.389993865,0.046956522,0.65,0.073147269,LT
447,111.45,28.91,2,NA,NAA,Cropland,592.125,17.7337435,1.515625,1.12,0.236152464,NLT
448,116.57,36.83,3,NA,NAA,Cropland,607.45,15.43999355,0.889347826,0.49,0.057935849,NLT
449,107.68,35.2,3,1220,2,Cropland,330,9.479993685,0.700222222,0.65,0.056546071,NLT
450,116.44,40.18,4,NA,NAA,Cropland,1610.28,13.1599936,0.474565217,0.83,0.0289901,NLT
451,107.67,35.21,3,1220,2,Cropland,432.81,11.16249365,0.727392512,0.65,0.070454261,NLT
452,112.2,23.2,2,600,1,Forest,709.13,22.58999339,3.236521739,1.26,0.157697069,NLT
453,121.9,31.22,3,33,1,Wetland,3666.6,NaN,0,NA,0.538981115,
454,121.95,31.15,3,4,1,Wetland,1107.54,NaN,0.196304348,NA,0.538981115,
455,121.9,31.2,3,4,1,Wetland,5692.68,NaN,0,NA,0.473498309,
456,121.95,31.2,3,4,1,Wetland,5084.1,NaN,0,NA,0.538981115,
457,121.96,31.2,3,4,1,Wetland,5840.1,NaN,0,NA,0.538981115,
458,107.22,37.7,3,1530,2,Desert,234.25,8.989993696,0.080217391,0.43,0.087502206,NLT
459,112.5,23.15,2,NA,NAA,Forest,1057.283333,20.87499343,4.211782609,1.26,0.356069261,NLT
460,117.6,26.2,2,NA,NAA,Forest,1055,19.30999346,3.733555556,1.24,0.091179898,NLT
461,117.45,27.7,2,960,1,Forest,957.0666667,15.62999355,3.994347826,1.02,0.144595325,NLT
462,106.8,26.85,2,NA,NAA,Forest,567,12.71999361,1.297391304,1.08,0.083621343,NLT
463,111.94,33.55,3,NA,NAA,Forest,564.6775,10.79999366,3.046521739,0.7,0.057672674,NLT
464,111.13,31.9,3,NA,NAA,Forest,531.15,11.56999364,3.716521739,1.45,0.077606774,NLT
465,105.18,31.25,3,NA,NAA,Forest,688.5933333,17.6999935,0.799782609,0.75,0.123801701,NLT
466,118.16,26.67,2,NA,NAA,Forest,842.89,19.67999346,3.234347826,1.24,0.079331885,NLT
467,119.7,30.45,3,NA,NAA,Forest,1442.68,11.82999363,3.18673913,1.8,0.113167748,NLT
468,109.88,27.05,2,NA,NAA,Forest,612.37,14.28999358,4.003695652,1.16,0.105751973,NLT
469,113.03,28.1,2,NA,NAA,Forest,1039.69,17.8499935,0.363333333,1.12,0.127415954,NLT
470,120.75,33.03,3,NA,NAA,Forest,1084.26625,14.87999356,0.947608696,0.46,0.441659927,NLT
471,114.34,30.03,3,35,1,Forest,230.97,18.06999349,0.841521739,0.83,NA,NLT
472,121.75,31.5,3,NA,NAA,Forest,1228.955,NaN,0.56326087,1.12,0.292555081,
473,103.1,32.75,3,3091,4,Forest,744.706,-1.590006068,0.900444444,3.02,0.083267076,LT
474,113.87,33.32,3,NA,NAA,Forest,410.57,15.68999355,0.767173913,0.98,0.098521589,NLT
475,110.98,30.83,3,NA,NAA,Forest,197.0133333,17.8199935,2.396086957,1.16,0.067979969,NLT
476,121.5,31.5,3,NA,NAA,Forest,901.065,NaN,0.403478261,NA,0.279322595,
477,107.85,35.65,3,1298,2,Cropland,588.6273276,10.57399366,0.604391305,0.65,0.062787433,NLT
478,104.74,35.47,3,2000,3,Cropland,41.1575,6.769993745,0.178222222,0.65,0.051876215,NLT
479,113.13,28.3,2,NA,NAA,Cropland,328.53,17.6599935,1.267173913,1.12,0.405271481,NLT
480,106.45,29.85,2,244,1,Cropland,960.01,18.50999348,1.925,1.45,0.204376909,NLT
481,124,44.5,4,NA,NAA,Cropland,1464.285,5.379993776,0.387391304,2.94,0.09910267,NLT
482,106.25,29.56,2,585,1,Cropland,673.4025,16.73999352,1.666304348,1.12,0.260287894,NLT
483,121.75,31.5,3,NA,NAA,Cropland,1134.585,NaN,0.56326087,1.12,0.292555081,
484,121.5,31.7,3,NA,NAA,Cropland,1047.72,NaN,0.685,0.42,0.482306667,
485,116.43,28.34,2,NA,NAA,Cropland,211.14,18.77135711,0.897866532,1.24,0.209572186,NLT
486,125.52,44.2,4,NA,NAA,Cropland,595.205,5.109993782,0.918695652,1.95,0.109976765,NLT
487,110.98,30.83,3,NA,NAA,Cropland,190.71,17.8199935,2.396086957,1.16,0.067979969,NLT
488,114.34,30.03,3,35,1,Cropland,221.05,18.06999349,0.841521739,0.83,NA,NLT
489,102.58,33.1,3,3480,4,Grassland,355.685,3.354993822,1.151739131,1.95,0.187701182,LT
490,118.5,31.5,3,NA,NAA,Wetland,892.915,16.61999352,0.708478261,1.45,0.298381011,NLT
491,119.6,26.05,2,NA,NAA,Wetland,759.18,20.73999343,0.923695652,0.46,0.455211016,NLT
492,119.62,26,2,NA,NAA,Wetland,1125.71,20.60999344,1.192173913,0.46,0.387013208,NLT
493,120.37,33.5,3,NA,NAA,Wetland,401.505,14.53999357,0.773333333,0.6,0.227603031,NLT
494,121.13,30.3,3,NA,NAA,Wetland,1128.425,17.31999351,0.611086957,0.45,0.219240639,NLT
495,121.75,31.5,3,NA,NAA,Wetland,1028.08,NaN,0.56326087,1.12,0.292555081,
496,121.93,31.52,3,NA,NAA,Wetland,1666.6,NaN,0.794782609,NA,0.442040874,
497,106.84,22.11,2,NA,NAA,Forest,1797.115,21.63453887,2.611132457,0.98,0.095830991,NLT
498,118.99,37.76,3,NA,NAA,Wetland,321.6686,13.4199936,0.454347826,0.6,0.320794953,NLT
499,104.76,35.46,3,2000,3,Cropland,93.31444444,7.709993724,0.282391304,0.65,0.074997728,NLT
500,119.75,30.17,3,NA,NAA,Forest,1225.1,17.37999351,1.521086957,3.07,0.049363399,NLT
501,108.01,34.3,3,516,1,Cropland,190.8987641,14.279236,0.565517357,1.12,0.084378337,NLT
502,111.32,30.72,3,NA,NAA,Wetland,40.47,16.84999352,1.386956522,0.75,0.185305389,NLT
503,106.82,22.45,2,NA,NAA,Forest,732.9259223,22.58999339,2.075,1.2,0.087235129,NLT
504,119.17,32.3,3,69,1,Forest,819.305,16.56499353,1.009891304,1.12,0.394467563,NLT
505,109.08,18.75,1,820,1,Forest,1239,21.78999341,5.445652174,0.98,0.220323071,NLT
506,109.42,36.42,3,1353,2,Cropland,951.36,9.159993692,1.015217391,0.79,0.067529801,NLT
507,119.29,29.48,2,NA,NAA,Cropland,980.71,18.47999348,3.033695652,3.07,0.072288141,NLT
508,109.58,26.78,2,NA,NAA,Forest,168.822,16.75817534,3.078786653,1.8,0.089806581,NLT
509,110.1,21.3,2,NA,NAA,Forest,1041.802,23.86999336,1.206304348,2.25,0.273282955,NLT
510,116.3,44.1,4,1129,2,Grassland,332.2,4.239993802,0.158043478,1.28,0.103633481,NLT
511,109.4,35.8,3,1072,2,Cropland,550.88,12.30999362,0.912826087,0.65,0.078967274,NLT
512,100.2,25.7,2,1980,2,Cropland,345.5,12.08999363,2.131086957,0,NA,NLT
513,115.5,38.9,3,NA,NAA,Cropland,205.7,13.3549936,0.542934783,0.63,0.050888724,NLT
514,116.7,43.6,4,1270,2,Grassland,257.2466667,2.949993831,0.177391304,0.5,0.106347941,LT
515,103.28,30.41,3,560,1,Wetland,977.8,15.04999356,2.895434783,0.75,0.068433329,NLT
516,117.08,33.69,3,27,1,Cropland,736.88,15.92726627,0.987310415,0.6,0.099933967,NLT
517,119.42,30.14,3,150,1,Forest,902.65,14.79749357,3.275652174,3.07,0.068431465,NLT
518,103.38,30.33,3,NA,NAA,Cropland,46.25666667,16.64999352,2.229347826,2.41,0.096074173,NLT
519,122.17,53.24,5,NA,NAA,Wetland,426.6266667,-4.280006008,1.959130435,0.74,0.148992672,LT
520,127.44,45.37,4,506,1,Forest,579.0125,3.852266538,1.960768453,0.82,0.143411399,NLT
521,118.25,37.36,3,NA,NAA,Wetland,357.07,15.18666022,0.775072464,0.42,0.084376684,NLT
522,118.33,28.37,2,NA,NAA,Forest,860.11,17.20953897,1.075869565,6.74,0.122330227,NLT
523,106.86,22.05,2,300,1,Forest,851.47,20.70317525,2.446370071,1.45,0.090561496,NLT
524,119.21,30.1,3,NA,NAA,Forest,415.735,14.68999357,2.889347827,1.8,0.073453991,NLT
525,108.94,18.64,1,NA,NAA,Forest,993.763,21.90599341,6.718217391,0.73,0.34321875,NLT
526,125.33,44.12,4,NA,NAA,Cropland,136.5393548,6.219993758,1.025071373,1.95,0.091475345,NLT
527,119.4,30.28,3,380,1,Forest,1196.223333,17.00999352,2.648913043,3.07,0.071227184,NLT
528,113.18,28.24,2,NA,NAA,Forest,1213.2,17.7799935,0.690217391,1.45,0.07253928,NLT
529,119.42,25.58,2,10,1,Forest,1120.75,21.36999342,0.688913043,0.98,NA,NLT
530,112.46,30.53,3,NA,NAA,Cropland,774.0625,17.42999351,0.85326087,1.12,0.411175796,NLT
531,83.2,44.52,4,NA,NAA,Forest,145.515,6.909993742,0.104565217,0.41,0.093942147,NLT
532,111.13,32.45,3,NA,NAA,Forest,563.275,13.92999359,3.020978261,0.4,0.174635831,NLT
533,117.36,26.19,2,300,1,Forest,669.835,19.44499346,5.246521739,1.24,0.057234698,NLT
534,120,33.68,3,350,1,Forest,1073.486667,15.26999356,1.086956522,0.6,0.163818188,NLT
535,114.3,34.82,3,NA,NAA,Grassland,1045.42,15.69999355,0.485434783,0.6,0.069621465,NLT
536,119.5,30.2,3,150,1,Forest,379.46,15.06499356,3.297826087,3.07,0.048313376,NLT
537,118.71,32.21,3,NA,NAA,Cropland,698.18,16.7277208,0.734347826,1.12,0.106169394,NLT
538,110.92,30.77,3,825,1,Forest,1096.51,14.29999358,2.391521739,1.2,0.106151648,NLT
539,115.81,28.75,2,NA,NAA,Forest,3325.02,19.40999346,1.857608696,1.12,0.534552366,NLT
540,104.58,27.58,2,NA,NAA,Forest,1023.99,12.29862999,2.709848332,1.16,0.0720271,NLT
541,121.95,31.53,3,NA,NAA,Wetland,316.43,NaN,0.776304348,NA,NA,
542,112.53,22.78,2,42,1,Forest,1992.42,22.75999339,2.306304348,1.12,0.20944554,NLT
543,100.35,38.9,3,1540,2,Cropland,140.2985714,8.197136571,0.429567978,1.12,0.073396612,NLT
544,118.9,37.7,3,NA,NAA,Wetland,850.67,13.92590268,4.802391304,0.46,0.381274683,NLT
545,104.73,35.47,3,2000,3,Cropland,718.15,7.367721005,0.420434783,0.65,0.064544592,NLT
546,113.22,28.29,2,NA,NAA,Wetland,111.69,18.12726622,1.112391304,1.12,0.419668155,NLT
547,122.28,53.39,5,NA,NAA,Forest,644.4683333,-4.225006009,2.317391305,0.74,0.100873123,LT
548,121.93,31.57,3,4,1,Wetland,3533.635,NaN,0.67578362,NA,0.473755206,
549,121.93,31.57,3,4,1,Forest,2924.61,NaN,0.67578362,NA,0.473755206,
550,121.93,31.57,3,4,1,Cropland,2352.64,NaN,0.67578362,NA,0.473755206,
551,109.88,18.74,1,930,1,Forest,1210.62,20.66044798,5.835,0.98,0.244071411,NLT
552,108.07,34.3,3,NA,NAA,Cropland,249.5,13.98999358,0.549565217,1.12,0.076070737,NLT
553,108,34.4,3,506,1,Cropland,167.69625,13.64999359,0.656304348,1.15,0.085850282,NLT
554,108.07,34.28,3,521,1,Cropland,308.9460318,14.80553902,0.606086957,1.12,0.090897532,NLT
555,108.67,34.3,3,521,1,Cropland,768.09,14.58544812,0.328913043,1.12,0.074564948,NLT
556,109.59,35.17,3,850,1,Cropland,156.4666667,13.77999359,0.545652174,1.12,0.077640823,NLT
557,108.17,34.5,3,NA,NAA,Cropland,704.3175,14.42999358,0.544782609,1.12,0.07888058,NLT
558,127.54,45.41,4,442,1,Forest,768.3083333,4.173327136,1.848623188,1.95,0.127312851,NLT
559,127.57,45.33,4,400,1,Cropland,438.35,3.229993824,2.455434783,0.74,0.101157107,LT
560,105.3,27.5,2,NA,NAA,Forest,1388.105,12.07999363,2.182826087,1.45,0.069783683,NLT
561,116.4,25.7,2,400,1,Forest,952,19.54999346,2.654239131,1.12,0.082403378,NLT
562,103,30.07,3,1026,2,Forest,966.4690206,10.32893306,3.305925177,1.45,0.090089614,NLT
563,117.45,26.17,2,300,1,Forest,768.6582755,20.63635707,4.516142568,1.24,0.07734538,NLT
564,111.5,33.45,3,NA,NAA,Forest,603.73,13.3049936,2.529673913,1.06,0.069773895,NLT
565,108.9,18.8,1,NA,NAA,Forest,414.77,18.94999347,6.811847826,1.24,0.602404823,NLT
566,110.98,34.52,3,NA,NAA,Cropland,910.73,14.95999356,0.513913043,0.36,0.084104539,NLT
567,119.72,30.23,3,NA,NAA,Forest,426.795,17.9749935,1.507282609,3.07,0.085428283,NLT
568,108.08,34.27,3,525,1,Cropland,797.7066667,14.32772085,0.557957533,1.12,0.082996976,NLT
569,119.58,30.32,3,NA,NAA,Forest,399.245,13.1399936,4.280222222,3.07,0.115493922,NLT
570,111.57,33.72,3,NA,NAA,Forest,1373.0075,8.719993702,2.744222222,0.74,0.049321569,NLT
571,120.17,31.35,3,NA,NAA,Wetland,145.84,17.8299935,1.148043478,0,NA,NLT
572,116.29,31.25,3,NA,NAA,Wetland,89.07,12.03999363,1.737391304,1.12,0.152125721,NLT
573,109.14,36.92,3,1371.9,2,Cropland,169.0763336,8.159993714,0.421304348,0.65,0.064933525,NLT
574,108.06,34.26,3,521,1,Cropland,296.9933813,13.98999358,0.549565217,1.12,0.076070737,NLT
575,109.9,19.88,1,25,1,Cropland,985.7136562,24.60226607,1.658043478,2.25,0.563910687,NLT
576,118.86,32.16,3,,NAA,Cropland,673.944009,16.68999353,0.754239131,0,NA,NLT
577,116.6,32.2,3,30,1,Cropland,274.7862201,16.08999354,1.436956522,1.12,0.192198044,NLT
578,113.83,34.56,3,75,1,Cropland,709.4663347,15.74599355,0.603217391,0.6,0.0545776,NLT
579,108.87,34.6,3,,NAA,Cropland,1206.51064,15.55999355,0.635217391,1.15,0.055376802,NLT
580,108.17,34.25,3,454.8,1,Cropland,580.7985789,13.71499359,0.597717391,0.6,0.087480439,NLT
581,106.4,29.8,2,266.3,1,Cropland,1421.011364,19.08999347,2.270217391,1.2,0.056423125,NLT
582,129.08,46.88,4,650,1,Forest,487.645068,0.199993892,2.71076087,0.74,0.075283821,LT
583,128.89,47.18,4,,NAA,Forest,1169.429936,1.251993869,2.990331401,0.74,0.090985018,LT
584,115,24.78,2,1350,2,Forest,1592.88336,19.26666013,1.943825282,1.24,0.099359655,NLT
585,121.78,29.8,2,,NAA,Forest,1409.160496,16.38499353,3.638532609,3.07,0.103505689,NLT
586,109.23,23.08,2,,NAA,Forest,1098.155113,21.03090252,4.364130435,0.98,0.14466356,NLT
587,102.6,29.24,2,1145,2,Forest,1069.593456,7.619993726,2.195652174,0.74,0.096660051,NLT
588,108.37,25.3,2,,NAA,Forest,1219.242417,16.5777208,2.642826087,1.2,0.069588219,NLT
589,106.87,21.87,2,,NAA,Forest,724.6908866,20.09999345,3.101304348,1,NA,NLT
590,103.26,29.54,2,1600,2,Forest,592.5084595,13.3099936,3.656304348,0.74,0.078726761,NLT
591,103.5,29.67,2,977.62,1,Forest,564.9927003,18.78999348,2.431304348,1.16,0.106577458,NLT
592,119.4,30.23,3,70,1,Forest,522.6134173,16.27953899,3.825652174,1.12,0.086777073,NLT
593,118.2,26.83,2,180,1,Forest,1061.903529,19.42272074,4.508695652,1.24,0.1141799,NLT
594,120.58,29.12,2,,NAA,Forest,1050.286251,14.79999357,4.124130435,3.07,0.106961124,NLT
595,92.02,31.44,3,,NAA,Grassland,334.7321658,0.239993891,0.205,0.7,0.12894227,LT
596,119.38,31.21,3,137.51,1,Wetland,115.7216506,15.93635718,1.306956522,0.74,0.342440495,NLT
597,119.38,31.2,3,137.51,1,Wetland,107.7155731,16.30181171,1.306956522,3.07,0.351299961,NLT
598,119.41,31.16,3,137.51,1,Wetland,54.25227272,14.91772084,1.698043478,0.53,0.339364469,NLT
599,119.43,31.16,3,137.51,1,Wetland,52.73873984,14.91772084,2.323695652,0.53,0.339364469,NLT
600,112.33,30.28,3,,NAA,Wetland,65.25569601,17.96999349,0.537391304,0.6,0.229674062,NLT
