,Lon,Lat,Alt,Eco,FROM,Region,flux,MAT
1,101.2,21.85,756,Forest,N-SRDB,China,931.07,20.7233267666667
2,101.25,21.93,580,Forest,N-SRDB,China,943.75,22.55999339
3,101.2,21.95,NA,Forest,N-SRDB,China,995.5,21.14999342
4,112.83,22.57,NA,Forest,N-SRDB,China,699.485,22.47099339
5,112.9,22.68,NA,Forest,N-SRDB,China,1089.69692307692,22.6215318523077
6,112.58,23.13,NA,Forest,N-SRDB,China,1069.345,22.85499339
7,112.53,23.17,NA,Forest,N-SRDB,China,1057.38888888889,22.7966600533333
8,112.17,23.17,NA,Forest,N-SRDB,China,597,22.80999339
9,112.55,23.18,NA,Forest,N-SRDB,China,1053,23.04999338
10,113.5,23.33,125,Forest,N-SRDB,China,964,22.3249934
11,117.43,24.33,225,Forest,N-SRDB,China,1169.797,19.93999345
12,101.02,24.53,200,Forest,N-SRDB,China,1130.335714,11.0814222171429
13,118.92,24.92,200,Forest,N-SRDB,China,1215.556364,21.0436297890909
14,113.45,25.22,240,Forest,N-SRDB,China,1572,15.59999355
15,113.43,25.23,200,Forest,N-SRDB,China,1083,15.59999355
16,116.42,25.68,200,Cropland,N-SRDB,China,431.5,19.05999347
17,116.42,25.68,200,Grassland,N-SRDB,China,928.5,19.27999347
18,116.42,25.68,200,Forest,N-SRDB,China,1522,19.27999347
19,119.25,26.05,NA,Grassland,N-SRDB,China,1684,21.02999343
20,120.02,26.12,NA,Forest,N-SRDB,China,1052.23,NaN
21,117.43,26.2,NA,Forest,N-SRDB,China,960.333333333333,20.21999344
22,117.53,26.22,NA,Forest,N-SRDB,China,924,20.38999344
23,115.07,26.75,NA,Cropland,N-SRDB,China,1360.5,18.54999348
24,115.07,26.75,NA,Forest,N-SRDB,China,647.510485142857,19.1685648971429
25,109.5,26.8,NA,Forest,N-SRDB,China,640.5375,17.14078897
26,106.98,26.97,NA,Forest,N-SRDB,China,858,15.75999354
27,118.13,27.03,410,Forest,N-SRDB,China,1154.93333333333,18.0099934933333
28,118.13,27.03,NA,Cropland,N-SRDB,China,927,18.0099934933333
29,118.15,27.05,NA,Forest,N-SRDB,China,1079.09107113182,17.9072662254545
30,114.75,27.67,NA,Forest,N-SRDB,China,332.8,18.49999348
31,117.65,27.73,NA,Forest,N-SRDB,China,1116.48857142857,10.2785650971429
32,117.65,27.73,NA,Grassland,N-SRDB,China,908,10.32999367
33,114.63,27.75,NA,Forest,N-SRDB,China,980,18.55999348
34,113.03,28.12,80,Forest,N-SRDB,China,601.4,18.58799348
35,116.93,28.25,NA,Cropland,N-SRDB,China,745,18.47999348
36,103.8,28.7,NA,Forest,N-SRDB,China,831,13.3899936
37,91.35,29.68,NA,Cropland,N-SRDB,China,579,7.279993734
38,121.8,29.8,NA,Forest,N-SRDB,China,1214.33333333333,15.96999354
39,118.85,29.93,NA,Forest,N-SRDB,China,1418.09625,14.28499358
40,102.98,29.97,NA,Forest,N-SRDB,China,410.908333333333,15.47999355
41,103,30.58,NA,Forest,N-SRDB,China,389,9.319993688
42,103.63,30.58,NA,Forest,N-SRDB,China,265.667142857143,16.4385649571429
43,103,30.3,660,Forest,N-SRDB,China,592,11.06999365
44,110.57,30.42,NA,Cropland,N-SRDB,China,735,13.89999359
45,110.57,30.42,NA,Forest,N-SRDB,China,680,13.89999359
46,120.17,30.52,NA,Forest,N-SRDB,China,748.5,17.23999351
47,120.17,30.52,NA,Cropland,N-SRDB,China,779,17.23999351
48,105.45,31.27,410,Grassland,N-SRDB,China,488.6,17.00249351
49,105.45,31.27,410,Forest,N-SRDB,China,593.908,17.05799351
50,105.45,31.27,410,Cropland,N-SRDB,China,384.86,16.96666018
51,110.48,31.32,1670,Forest,N-SRDB,China,628.64,6.924993742
52,110.5,31.32,1970,Forest,N-SRDB,China,627,6.949993741
53,110.5,31.33,780,Forest,N-SRDB,China,624,6.949993741
54,110.3,31.47,2570,Forest,N-SRDB,China,482.39,2.154993849
55,102.58,31.58,3210,Forest,N-SRDB,China,875.912666666667,-0.250006098
56,119.23,31.98,NA,Forest,N-SRDB,China,564.795,16.6199935233333
57,118.8,32,NA,Cropland,N-SRDB,China,885.218333333333,16.83196322
58,118.85,32.07,NA,Forest,N-SRDB,China,916,15.94999354
59,118.87,32.07,NA,Forest,N-SRDB,China,957,15.94999354
60,118.88,32.07,NA,Grassland,N-SRDB,China,1563,15.94999354
61,118.7,32.18,NA,Forest,N-SRDB,China,899.64,16.03299354
62,119.67,32.33,NA,Forest,N-SRDB,China,550,16.65999352
63,106.92,32.67,NA,Forest,N-SRDB,China,646,7.159993736
64,108.5,33.38,NA,Forest,N-SRDB,China,525.008333333333,7.62499372633333
65,111.93,33.47,1350,Forest,N-SRDB,China,951.451052631579,11.8699936347368
66,108.62,34.22,NA,Forest,N-SRDB,China,201,14.93999356
67,113.65,34.8,NA,Cropland,N-SRDB,China,929.5,16.12999354
68,112.47,35.02,NA,Forest,N-SRDB,China,788.132173913044,14.803471826087
69,116.37,35.07,NA,Cropland,N-SRDB,China,286.142857142857,14.50999357
70,107.67,35.2,NA,Cropland,N-SRDB,China,679.602,9.57732701613333
71,118.07,35.25,NA,Forest,N-SRDB,China,895.5,13.94499359
72,106.32,35.47,NA,Forest,N-SRDB,China,441.666666666667,6.729993746
73,106.32,35.47,NA,Cropland,N-SRDB,China,191,6.729993746
74,106.32,35.47,NA,Grassland,N-SRDB,China,508,6.729993746
75,109.53,36.43,1353,Forest,N-SRDB,China,1218.5,9.099993693
76,114.2,36.5,NA,Cropland,N-SRDB,China,190.75,14.17999358
77,115.03,36.68,NA,Cropland,N-SRDB,China,698.111111111111,13.99999358
78,115.02,36.87,NA,Cropland,N-SRDB,China,561,14.00999358
79,116.6,36.95,NA,Cropland,N-SRDB,China,758.333333333333,13.75999359
80,118.12,36.95,NA,Cropland,N-SRDB,China,662,14.45999357
81,101.25,37.53,NA,Grassland,N-SRDB,China,486.5,0.499993885
82,105.03,37.53,NA,Desert,N-SRDB,China,164.879,9.134993693
83,101.32,37.62,NA,Grassland,N-SRDB,China,592.6,-1.058642443
84,101.32,37.62,NA,Cropland,N-SRDB,China,389,-1.680006066
85,112.32,37.72,NA,Forest,N-SRDB,China,962.666666666667,7.246660401
86,112.32,37.72,NA,Grassland,N-SRDB,China,1027.66666666667,7.246660401
87,112.32,37.72,NA,Shrubland,N-SRDB,China,1030.33333333333,7.19666040233333
88,112.6,37.8,NA,Cropland,N-SRDB,China,1476,11.23999365
89,114.67,37.83,NA,Cropland,N-SRDB,China,462.333333333333,13.74999359
90,100.58,38.48,NA,Grassland,N-SRDB,China,397.666666666667,4.939993786
91,110.37,38.77,NA,Cropland,N-SRDB,China,396.625,9.159993692
92,110.37,38.77,NA,Grassland,N-SRDB,China,485.75,9.159993692
93,128.1,42.4,738,Forest,N-SRDB,China,838.586,3.255630188
94,125,42.5,NA,Forest,N-SRDB,China,520.402,6.029993762
95,117.35,42.5,1400,Forest,N-SRDB,China,537.063333333333,0.755827212666667
96,117.35,42.5,NA,Shrubland,N-SRDB,China,584.5,0.713327213666667
97,117.35,42.5,NA,Grassland,N-SRDB,China,521.08,0.665812063
98,120.72,42.93,NA,Grassland,N-SRDB,China,279.4,7.029993739
99,116.37,43.43,NA,Grassland,N-SRDB,China,262.888888888889,1.57777163888889
100,116.08,43.52,NA,Grassland,N-SRDB,China,254.333333333333,1.849993855
101,116.55,43.53,NA,Grassland,N-SRDB,China,185,2.64332717066667
102,116.67,43.55,NA,Grassland,N-SRDB,China,227.333333333333,2.69529686683333
103,116.67,43.55,NA,Forest,N-SRDB,China,1274,1.329993867
104,116.53,43.6,NA,Grassland,N-SRDB,China,160,2.97999383
105,115.9,44.08,NA,Grassland,N-SRDB,China,123,3.42666048666667
106,125.55,44.2,NA,Cropland,N-SRDB,China,565.376666666667,6.18332709133333
107,116.5,44.53,NA,Grassland,N-SRDB,China,285,3.629993815
108,127.67,45.4,300,Forest,N-SRDB,China,583.724666666667,1.34366053313333
109,126.13,47.1,NA,Cropland,N-SRDB,China,517.166666666667,4.18332713633333
110,108.84,18.63,850,Forest,N-SRDB,China,684.633333333333,22.3099934
111,108.88,18.61,870,Forest,N-SRDB,China,1673,22.1499934
112,108.84,18.61,1000,Forest,N-SRDB,China,1239,22.2699934
113,109.91,19.71,33,Forest,N-SRDB,China,972.18,25.36999333
114,110.08,21.27,99,Forest,N-SRDB,China,1022.5,23.86999336
115,112.83,22.62,61,Forest,N-SRDB,China,639.87,21.94999341
116,114.18,22.58,180,Forest,N-SRDB,China,1887,23.03999338
117,112.54,23.17,275,Forest,N-SRDB,China,961.575833333333,22.7783267205556
118,112.54,23.18,125,Forest,N-SRDB,China,992.114285714286,22.9342790985714
119,112.55,23.17,NA,Forest,N-SRDB,China,777.740666666667,22.98799338
120,112.39,23.17,NA,Forest,N-SRDB,China,1027.44333333333,22.4549934
121,112.57,23.17,300,Forest,N-SRDB,China,1021.57,22.81599339
122,113.37,23.32,535,Forest,N-SRDB,China,703.88,22.44999339
123,113.79,23.33,106,Forest,N-SRDB,China,772.91,21.09999342
124,113.78,23.33,209,Forest,N-SRDB,China,838.64,21.09999342
125,113.44,25.23,465,Forest,N-SRDB,China,1083,15.59999355
126,113.46,25.22,466,Forest,N-SRDB,China,1572,15.59999355
127,100.83,21.82,1610,Forest,N-SRDB,China,1460.23,21.28999342
128,101.27,21.93,750,Forest,SRDB,China,1010.91916666667,22.5124933941667
129,100.63,22.18,700,Forest,N-SRDB,China,1450,20.55999344
130,109.33,21.74,45,Forest,N-SRDB,China,1030.04,22.91999338
131,106.83,22.17,550,Forest,N-SRDB,China,829.616363636364,21.7068115918182
132,106.94,22.46,198,Forest,N-SRDB,China,1489.36,21.67999341
133,108.14,22.62,80,Forest,N-SRDB,China,858.73,21.32999342
134,107.48,23.6,390,Forest,N-SRDB,China,1104.554,20.49999344
135,110.13,24.94,150,Forest,N-SRDB,China,842.91,18.60999348
136,110.27,25.59,240,Forest,N-SRDB,China,791.418,19.35999346
137,116.41,25.68,400,Forest,N-SRDB,China,1342.75,19.05999347
138,117.4,23.63,21,Forest,N-SRDB,China,1234,23.07999338
139,119.67,25.97,9,Forest,N-SRDB,China,1041.34444444444,20.55999344
140,117.47,26.15,305,Forest,N-SRDB,China,1127.775,19.84999345
141,117.47,26.18,305,Forest,N-SRDB,China,1212.11818181818,20.2150347636364
142,117.6,26.32,330,Forest,N-SRDB,China,971.217222222222,18.3111045977778
143,119.08,26.21,370,Forest,N-SRDB,China,806.06,20.99999343
144,117.47,26.16,300,Forest,N-SRDB,China,1262.95,20.4428505814286
145,117.95,26.47,200,Forest,N-SRDB,China,926.980833333333,20.06999345
146,118.17,26.67,350,Forest,N-SRDB,China,890.429333333333,19.27799347
147,117.98,26.8,230,Forest,N-SRDB,China,878.59,18.98999347
148,118.19,26.94,200,Forest,N-SRDB,China,1391,19.60999346
149,118.38,27.07,410,Forest,N-SRDB,China,1063.31,19.9472661772727
150,107.98,25.25,735,Forest,N-SRDB,China,973.5,15.87999354
151,106.77,26.53,1200,Forest,N-SRDB,China,1174.975,14.77499357
152,115.05,26.73,107,Forest,N-SRDB,China,743.466666666667,19.2966601333333
153,115.06,26.74,102,Forest,N-SRDB,China,696.26652173913,19.2086891204348
154,115.07,26.73,88,Forest,N-SRDB,China,477.975,19.49999346
155,115.06,26.75,88,Forest,N-SRDB,China,584,19.34499347
156,114.63,27.67,280,Forest,N-SRDB,China,865.437272727273,17.8331753195455
157,115.71,29.29,60,Forest,N-SRDB,China,624.41,19.89999345
158,109.78,26.91,350,Forest,N-SRDB,China,570,17.5499935
159,109.6,26.83,650,Forest,N-SRDB,China,508.04,15.62999355
160,109.43,26.67,450,Forest,N-SRDB,China,507.248461538462,15.5853781638462
161,110.13,27.15,350,Forest,N-SRDB,China,585,16.46999353
162,113.03,28.11,75,Forest,N-SRDB,China,754.7875,18.4283268170833
163,113.04,28.11,80,Forest,N-SRDB,China,902.711818181818,18.58726621
164,113.31,28.41,241,Forest,N-SRDB,China,364.39,17.41999351
165,118.11,29.21,375,Forest,N-SRDB,China,593.333333333333,13.2399936
166,118.24,29.34,479,Forest,N-SRDB,China,295.67,15.19999356
167,118.24,29.35,473,Forest,N-SRDB,China,274.81,15.19999356
168,118.23,29.35,449,Forest,N-SRDB,China,441.265,15.19999356
169,118.14,29.34,368,Forest,N-SRDB,China,457.26,15.24999356
170,118.14,29.33,392,Forest,N-SRDB,China,437.37,15.24999356
171,118.21,29.3,656,Forest,N-SRDB,China,382.31,13.2399936
172,118.19,29.28,743,Forest,N-SRDB,China,448.35,13.03999361
173,121.79,29.8,154,Forest,N-SRDB,China,1283,15.96999354
174,121.8,29.81,214,Forest,N-SRDB,China,1077,17.10999351
175,119.65,30.23,NA,Forest,N-SRDB,China,454.88375,17.7599935
176,119.7,30.23,150,Forest,N-SRDB,China,1067.47125,17.4321526
177,119.84,30.25,150,Forest,N-SRDB,China,598.38,17.37999351
178,119.84,30.26,150,Forest,N-SRDB,China,596.18,17.5199935
179,119.78,30.22,150,Forest,N-SRDB,China,1100.955,17.45999351
180,119.43,30.33,330,Forest,N-SRDB,China,1296.572,13.78599359
181,102.35,29.23,1145,Forest,N-SRDB,China,974.2,14.91999356
182,103,29.57,3050,Forest,N-SRDB,China,590.753,8.477993707
183,103.45,30.73,826,Forest,N-SRDB,China,1083.47,14.90999356
184,103.03,30.93,3091,Forest,N-SRDB,China,794.32,3.099993827
185,103.62,30.98,911,Forest,N-SRDB,China,750.3425,16.15999354
186,105.47,31.27,500,Forest,N-SRDB,China,562.683333333333,17.7877712755556
187,102.93,31.3,3035,Forest,N-SRDB,China,1067.634,-6.694005954
188,94.39,29.71,3980,Forest,N-SRDB,China,976,-0.1400061
189,106.34,29.78,770,Forest,N-SRDB,China,845.053636363636,18.9027207490909
190,110.66,30.91,950,Forest,N-SRDB,China,714.606666666667,14.42999357
191,110.49,31.33,1321,Forest,N-SRDB,China,466.81,7.559993728
192,110.49,31.32,1325,Forest,N-SRDB,China,627.03,7.559993728
193,111.22,32.75,355,Forest,N-SRDB,China,1107.56,14.6766602333333
194,118.15,33.7,15,Forest,N-SRDB,China,974,15.42999355
195,106.83,34.33,1652,Forest,N-SRDB,China,815.453333333333,11.01999365
196,107.67,35.22,1095,Forest,N-SRDB,China,750.888888888889,11.3122158666667
197,109.53,36.42,1353,Forest,N-SRDB,China,990.502727272727,8.48635734327273
198,109.42,36.42,1353,Forest,N-SRDB,China,1021.61142857143,9.29713654614286
199,109.32,36.85,1198,Forest,N-SRDB,China,524.73,8.999993695
200,111.92,33.47,1344,Forest,N-SRDB,China,730.185454545455,11.33544819
201,105.85,34.26,1650,Forest,N-SRDB,China,556.79,6.939993741
202,100.28,38.4,2750,Forest,N-SRDB,China,557.193333333333,-4.965460538
203,100.12,39.35,1386,Forest,N-SRDB,China,850,9.859993676
204,112.1,36.07,1653,Forest,N-SRDB,China,556.508333333333,9.099993693
205,112.39,37.74,1390,Forest,N-SRDB,China,892.75,7.109993738
206,112.37,37.73,1443,Forest,N-SRDB,China,1212.3,7.15768604430769
207,116.25,39.53,30,Forest,N-SRDB,China,640.48,13.7566602566667
208,115.43,39.95,1350,Forest,N-SRDB,China,441.5,6.719993747
209,115.43,39.96,1050,Forest,N-SRDB,China,414,6.829993744
210,115.42,39.96,1150,Forest,N-SRDB,China,422.5,6.274993757
211,116.1,40.07,145,Forest,N-SRDB,China,643.5,8.259993712
212,116.08,40.05,145,Forest,N-SRDB,China,506.5,7.929993719
213,116.47,39.9,140,Forest,N-SRDB,China,357.142857142857,13.3314221714286
214,114.26,37.88,644,Forest,N-SRDB,China,602.296,12.88999361
215,124.92,41.85,680,Forest,N-SRDB,China,498.456666666667,4.049993806
216,124.9,41.85,680,Forest,N-SRDB,China,535.16,3.999993807
217,123.6,41.91,122,Forest,N-SRDB,China,551.105,8.899993698
218,128.47,42.4,738,Forest,N-SRDB,China,716.89,3.119993827
219,128.08,42.4,740,Forest,N-SRDB,China,562.876,3.175993826
220,127.53,45.38,490,Forest,N-SRDB,China,603.990833333333,2.53749384
221,127.57,45.27,300,Forest,N-SRDB,China,794.808333333333,2.564993839
222,127.57,45.33,340,Forest,N-SRDB,China,634.915,2.97427954414286
223,127.58,45.35,340,Forest,N-SRDB,China,525.312,2.823993833
224,128.87,47.19,400,Forest,N-SRDB,China,956.57,1.379993866
225,128.87,47.18,310,Forest,N-SRDB,China,680,1.924993854
226,128.89,47.19,392,Forest,N-SRDB,China,670.43,2.269993846
227,128.9,47.15,365,Forest,N-SRDB,China,706.87,2.269993846
228,125.48,51.37,463,Forest,N-SRDB,China,882.055,-0.900006083
229,121.5,50.93,810,Forest,N-SRDB,China,609.34,-5.442505982
230,121.51,50.83,826,Forest,N-SRDB,China,940.48,-5.550005979
231,117.54,25.94,717,Forest,N-SRDB,China,1351.36,16.56999353
232,114.25,29.68,168,Forest,N-SRDB,China,924.55,15.26999356
233,113.88,29.69,161,Forest,N-SRDB,China,897,16.98999352
234,113.88,29.71,160,Forest,N-SRDB,China,889.09,17.30999351
235,104.58,28.42,889,Forest,N-SRDB,China,1260.6,19.71999346
236,119.98,30.08,29,Forest,N-SRDB,China,1286.278,17.7939935
237,119.57,30.3,185,Forest,N-SRDB,China,1144,17.28999351
238,119.67,30.48,380,Forest,N-SRDB,China,1181,12.39499362
239,119.66,30.46,380,Forest,N-SRDB,China,1201.91,12.62999361
240,92.93,34.82,4635,Grassland,N-SRDB,China,597.041666666667,-3.515006025
241,101.2,37.62,3200,Grassland,N-SRDB,China,970.915,0.204539347
242,91.08,30.85,4333,Grassland,N-SRDB,China,945.958,-0.507733365
243,111.89,41.78,NA,Grassland,N-SRDB,China,575.567857142857,4.78499379
244,102.37,32.45,3561,Grassland,N-SRDB,China,469.59,2.362266571
245,111.88,41.78,NA,Grassland,N-SRDB,China,581.531538461539,4.78499379
246,101.2,37.48,NA,Grassland,N-SRDB,China,1729.21117647059,-3.60227875
247,118.37,45.95,NA,Grassland,N-SRDB,China,447.976666666667,0.029084805
248,116.37,42.2,NA,Grassland,N-SRDB,China,775.26,3.106357463
249,111.87,41.87,NA,Grassland,N-SRDB,China,888.116666666667,4.403175616
250,116.7,43.63,1200,Grassland,N-SRDB,China,624.485,2.33544839
251,114.5,27.5,NA,Forest,N-SRDB,China,631,17.53362987
252,112.9,22.7,NA,Forest,N-SRDB,China,497,22.65317521
253,115.1,26.7,NA,Forest,N-SRDB,China,554,19.5213571
254,114.6,36.9,NA,Cropland,N-SRDB,China,476,14.85726629
255,90,31.2,NA,Grassland,N-SRDB,China,51,-0.351369732
256,91.1,30.9,NA,Grassland,N-SRDB,China,369,-0.507733365
257,101.3,37.6,NA,Grassland,N-SRDB,China,820.161538461538,0.513560318846154
258,102,29.7,NA,Forest,N-SRDB,China,864.166666666667,-10.41182405
259,103,30.5,NA,Forest,N-SRDB,China,824.833333333333,4.585902885
260,108.1,34.3,NA,Cropland,N-SRDB,China,426,14.32772085
261,110.9,23.5,NA,Forest,N-SRDB,China,922.5,21.97272068
262,111.9,33.5,NA,Forest,N-SRDB,China,868.714285714286,11.87979883
263,112.4,23.3,NA,Forest,N-SRDB,China,578,22.04362977
264,115.5,43.9,NA,Cropland,N-SRDB,China,390,3.193630189
265,115.4,40,NA,Forest,N-SRDB,China,273,8.632266431
266,116.1,43.4,NA,Cropland,N-SRDB,China,212.29,1.966812034
267,116.9,28.3,NA,Cropland,N-SRDB,China,662.5,19.00272074
268,120.4,29.9,NA,Forest,N-SRDB,China,640.333333333333,18.17044804
269,124.9,41.9,NA,Forest,N-SRDB,China,498.333333333333,3.713175632
270,127.7,45.4,NA,Forest,N-SRDB,China,759.75,1.382266593
271,101.29,37.62,3250,Grassland,N-SRDB,China,780.5,-0.079097011
272,102.55,32.8,3600,Grassland,N-SRDB,China,1091,2.034993851
273,107.68,35.23,1220,Grassland,N-SRDB,China,574.5,10.6388573
274,123.76,46,142,Grassland,N-SRDB,China,219,5.523630137
275,100.85,36.95,3140,Grassland,N-SRDB,China,452.156666666667,1.73302416066667
276,124.03,45.75,1130,Grassland,N-SRDB,China,203,5.637721043
277,115.71,29.29,60,Grassland,N-SRDB,China,1145,19.43044801
278,117.65,27.74,2100,Grassland,N-SRDB,China,844,10.45499366
279,99.93,38.42,3050,Grassland,N-SRDB,China,939,-0.892733356
280,104.15,35.95,1966,Grassland,N-SRDB,China,214.5,8.419993708
281,100.22,34.46,3947,Grassland,N-SRDB,China,473,0.612721156
282,92.94,34.73,4700,Grassland,N-SRDB,China,308.5,-4.750005997
283,101.2,37.5,3200,Grassland,N-SRDB,China,696,-3.418460573
284,116.83,43.51,1343,Grassland,N-SRDB,China,254.325,1.68965295
285,116.55,43.54,1130,Grassland,N-SRDB,China,148,2.982721103
286,115.9,44.09,970,Grassland,N-SRDB,China,122.8875,3.423289275
287,100,38.24,2500,Grassland,N-SRDB,China,476,0.168175711
288,100.01,38.24,2600,Grassland,N-SRDB,China,452,-0.790460631
289,100.01,38.23,2700,Grassland,N-SRDB,China,423,-0.790460631
290,100.02,38.23,2800,Grassland,N-SRDB,China,384,-0.790460631
291,100.03,38.23,2900,Grassland,N-SRDB,China,365,-0.790460631
292,100.03,38.22,3000,Grassland,N-SRDB,China,310,-0.790460631
293,106.43,36.27,1974,Grassland,N-SRDB,China,581,7.634993726
294,118.05,32,6,Grassland,N-SRDB,China,1160.625,15.87567536
295,120.05,49.32,628,Grassland,N-SRDB,China,519.1,-1.295006075
296,116.68,43.57,1225,Grassland,N-SRDB,China,375,2.041812033
297,116.91,44.09,923,Grassland,N-SRDB,China,128,2.213630211
298,107.67,35.22,1095,Grassland,N-SRDB,China,583,11.38192546
299,115.68,41.77,1380,Grassland,N-SRDB,China,1812,3.104084737
300,114.25,37.9,374,Grassland,N-SRDB,China,602.85,13.08658452
301,116.27,44.81,1160,Grassland,N-SRDB,China,252,3.360902912
302,104.42,36.03,2400,Grassland,N-SRDB,China,484.994285714286,5.07687689971429
303,121.52,31.65,4,Grassland,N-SRDB,China,2407,16.9918117
304,117.32,36.28,730,Grassland,N-SRDB,China,429,15.17317538
305,116.68,43.55,1200,Grassland,N-SRDB,China,278,2.041812033
306,114.24,37.91,350,Grassland,N-SRDB,China,710,12.56635725
307,105.47,31.27,500,Grassland,N-SRDB,China,480,17.30226624
308,114.4,37,NA,Cropland,SRDB,China,199,13.62999359
309,116.93,28.26,NA,Cropland,SRDB,China,547.75,18.47999348
310,105.47,31.27,500,Cropland,SRDB,China,241.4425,17.6774935
311,117.43,26.19,NA,Forest,SRDB,China,866.650769230769,20.6046088169231
312,116.78,43.55,1225,Grassland,SRDB,China,375,1.40666053166667
313,115.91,44.09,923,Grassland,SRDB,China,128.666666666667,3.499993818
314,116.25,44,1225,Grassland,SRDB,China,185.2,2.251993846
315,114.37,30.03,NA,Cropland,SRDB,China,308,18.18999349
316,114.37,30.03,NA,Forest,SRDB,China,181,18.18999349
317,111.45,28.92,NA,Cropland,SRDB,China,554.333333333333,17.54332684
318,112.54,23.15,250,Forest,SRDB,China,808,22.77999339
319,109.75,26.83,335,Forest,SRDB,China,829,17.7399935
320,93.08,35.22,4767,Grassland,SRDB,China,79.605,-4.990005992
321,110.5,31,382,Forest,SRDB,China,185,16.04999354
322,117.83,26.42,NA,Forest,SRDB,China,915,20.13499345
323,116.55,43.59,1130,Grassland,SRDB,China,184.816666666667,2.64332717066667
324,113.02,28.1,80,Forest,SRDB,China,492.258,18.61399348
325,120,30.37,150,Forest,SRDB,China,1151,17.7899935
326,112,33.5,1450,Forest,SRDB,China,730.25,11.61999364
327,103.63,30,600,Forest,SRDB,China,585,17.34999351
328,112.6,23.17,250,Forest,SRDB,China,991.5,22.72999339
329,102,30,NA,Shrubland,SRDB,China,554.333333333333,2.309993845
330,112.5,23.17,350,Forest,SRDB,China,1126.7,21.1457077057143
331,112.23,29.49,NA,Wetland,SRDB,China,580.093333333333,17.5999935
332,121.12,31.2,NA,Cropland,SRDB,China,742,17.28999351
333,117.91,24.4,NA,Wetland,SRDB,China,650,21.73999341
334,117.92,29.13,170,Forest,SRDB,China,494,17.40999351
335,112.37,37.73,NA,Grassland,SRDB,China,1519.8,7.173993736
336,108.88,18.73,870,Forest,SRDB,China,1673,18.85999347
337,108.87,18.73,880,Forest,SRDB,China,1510,18.85999347
338,111.3,30.8,950,Forest,SRDB,China,773.333333333333,17.17999351
339,109.53,26.42,1353,Forest,SRDB,China,795,15.40999355
340,109.53,26.42,1353,Shrubland,SRDB,China,657.5,15.40999355
341,101.83,29.42,NA,Forest,SRDB,China,775.5,3.099993827
342,101.83,29.42,NA,Shrubland,SRDB,China,1135,3.099993827
343,114.25,37.9,387,Shrubland,SRDB,China,464.1,12.92999361
344,114.26,37.9,381,Forest,SRDB,China,648.5,12.92999361
345,105.85,34.25,1650,Forest,SRDB,China,428.85,6.809993744
346,103.6,29.5,NA,Forest,SRDB,China,427,18.83999348
347,121.5,31.67,NA,Cropland,SRDB,China,1010,NaN
348,121.5,31.67,NA,Forest,SRDB,China,1007,NaN
349,104.67,35.2,1200,Grassland,SRDB,China,254.833333333333,7.85499372083333
350,115.94,40.37,535,Forest,SRDB,China,838,8.399993709
351,109.6,26.8,NA,Forest,SRDB,China,511,15.63999355
352,113.83,29.67,161,Forest,SRDB,China,897,16.50999353
353,101.27,21.92,568,Forest,SRDB,China,770.5,22.74499339
354,121.96,31.53,NA,Wetland,SRDB,China,487.783333333333,NaN
355,113.35,23.17,NA,Forest,SRDB,China,1118,21.97999341
356,115.53,39.96,1050,Forest,SRDB,China,237,7.949993719
357,117.9,24.38,NA,Forest,SRDB,China,188,22.2999934
358,102.7,31.78,3215,Forest,SRDB,China,955.333333333333,-2.810006041
359,120.15,30.23,NA,Cropland,SRDB,China,430,17.35999351
360,118.72,32.2,NA,Forest,SRDB,China,878.2,16.2866602
361,107.67,35.22,1095,Cropland,SRDB,China,608.427142857143,11.6442793485714
362,103.9,31.62,NA,Forest,SRDB,China,578.7875,9.609993682
363,114.27,37.88,350,Forest,SRDB,China,639.565,12.77999361
364,114.27,37.88,350,Shrubland,SRDB,China,484,12.92999361
365,114.27,37.88,350,Grassland,SRDB,China,704,12.92999361
366,103.23,29.7,600,Forest,SRDB,China,427.815,18.18499349
367,110,27,NA,Forest,SRDB,China,439,18.07999349
368,107.68,35.23,280,Cropland,SRDB,China,511,10.19999367
369,120.43,30.42,200,Forest,SRDB,China,755,17.18999351
370,105.03,32.53,1300,Desert,SRDB,China,69.5,13.65999359
371,121.97,31.63,NA,Wetland,SRDB,China,1157,NaN
372,119.23,30.2,NA,Forest,SRDB,China,571,16.27999353
373,117.97,26.8,NA,Forest,SRDB,China,837,19.3699934633333
374,121.65,29.87,200,Forest,SRDB,China,947.935,17.25999351
375,116.42,40.08,NA,Forest,SRDB,China,1462,12.58999362
376,109.53,36.39,1395,Forest,SRDB,China,987.333333333333,8.009993717
377,106.8,22.08,NA,Forest,SRDB,China,1816,22.4199934
378,116.8,42.18,1324,Grassland,SRDB,China,720,3.00443827388889
379,107.12,26.97,1250,Forest,SRDB,China,844.29,13.63999359
380,106.98,27.05,1250,Forest,SRDB,China,779.95,14.07999358
381,106.85,26.88,1225,Forest,SRDB,China,949.87,13.65999359
382,105.03,37.53,1330,Shrubland,SRDB,China,176.72,9.179993691
383,112.51,23.15,200,Forest,SRDB,China,1484.83333333333,22.61999339
384,119.61,26.07,450,Forest,SRDB,China,1029.34,20.58999344
385,112.55,37.87,1019,Shrubland,SRDB,China,1085.5,11.54999364
386,108.33,33.38,NA,Forest,SRDB,China,2528.79,9.649993681
387,110.52,31.35,780,Forest,SRDB,China,615.71,11.64999364
388,110.52,31.3,1970,Forest,SRDB,China,657.72,10.55999366
389,112.59,37.8,785,Cropland,SRDB,China,1502.38,11.23999365
390,117.64,26.26,NA,Forest,SRDB,China,924.116666666667,18.40499349
391,108.94,34.26,NA,Grassland,SRDB,China,366.46,15.10999356
392,115.07,26.74,NA,Forest,SRDB,China,932.45,19.06999347
393,115.07,26.74,NA,Cropland,SRDB,China,1214.82,19.06999347
394,114.68,37.88,50,Cropland,SRDB,China,397.85,14.24999358
395,103.92,31.62,NA,Forest,SRDB,China,434.35,-1.780006064
396,111.5,23.33,NA,Forest,SRDB,China,1714.31,21.78999341
397,109.53,36.42,1353,Shrubland,SRDB,China,1006.64,8.34999371
398,101.83,30,3050,Forest,SRDB,China,895.63,-0.550006091
399,109.31,21.73,45,Forest,SRDB,China,1022.72,23.10999338
400,110.53,25.19,NA,Forest,SRDB,China,977.35,15.53999355
401,110.54,25.19,NA,Forest,SRDB,China,1305.15,15.53999355
402,112.33,22.62,NA,Forest,SRDB,China,642.72,21.62999341
403,120.75,33.32,4,Cropland,SRDB,China,285.5,NaN
404,101.27,23.77,2180,Forest,SRDB,China,905.73,17.39999351
405,117.72,26.5,NA,Forest,SRDB,China,1140.22,18.74999348
406,116.38,40.02,51,Forest,SRDB,China,394,12.65999361
407,117.97,36.95,18,Cropland,SRDB,China,1006.63,14.31999358
408,114.22,37.88,350,Forest,SRDB,China,444.655,13.78999359
409,102.97,30.88,2700,Forest,SRDB,China,715.24,0.929993876
410,112.33,29.8,NA,Wetland,SRDB,China,697.1,17.41999351
411,116.03,44.8,NA,Grassland,SRDB,China,251.67,3.919993809
412,113.29,23.1,NA,Grassland,SRDB,China,919.8,22.2999934
413,119.98,30.1,NA,Forest,SRDB,China,1392.64,17.5999935
414,100.98,21.82,1610,Cropland,SRDB,China,1213.2,23.33999337
415,100.85,21.83,1610,Cropland,SRDB,China,1527.6,21.28999342
416,100.83,21.83,1610,Forest,SRDB,China,1462.8,21.28999342
417,112.52,23.17,NA,Forest,SRDB,China,1075.41,22.82999339
418,113.88,29.7,160,Forest,SRDB,China,3560,16.98999352
419,110.98,34.51,NA,Cropland,SRDB,China,813.13,14.95999356
420,120.16,30.27,NA,Wetland,SRDB,China,1273.44,17.6099935
421,114.26,37.88,594,Grassland,SRDB,China,495.18,12.92999361
422,114.26,37.88,594,Cropland,SRDB,China,910.98,12.92999361
423,103.97,35.74,3548,Grassland,SRDB,China,850.333333333333,-1.920006061
424,105.48,31.27,500,Cropland,SRDB,China,462.8,17.03499352
425,109.98,26.92,700,Cropland,SRDB,China,711.45,18.28999349
426,114.7,37.88,50,Cropland,SRDB,China,445.3,14.24999358
427,111.93,31.97,1400,Forest,SRDB,China,539.9256026,16.34749353
428,102.64,37.96,1506,Cropland,SRDB,China,414.855,9.149993692
429,120.8,23.68,1120,Forest,SRDB,China,1141.25,18.07999349
430,100.63,22.2,700,Forest,SRDB,China,542.43,20.55999344
431,108.9,18.6,870,Forest,SRDB,China,1433.5,24.07999336
432,115.05,26.74,102,Forest,SRDB,China,773.1,19.73999346
433,126.62,47.43,NA,Cropland,SRDB,China,296.5,2.827493833
434,104.41,36.03,2400,Cropland,SRDB,China,563.925,5.289993778
435,116.83,40.5,NA,Wetland,SRDB,China,892.332,10.31999367
436,102.75,25.05,2004,Forest,SRDB,China,529.25,16.35999353
437,125.45,51.4,463,Forest,SRDB,China,920,-2.270006053
438,103.25,29.53,1600,Forest,SRDB,China,553.5,13.97999358
439,112.9,22.68,NA,Shrubland,SRDB,China,727,22.2999934
440,116.88,34.3,265,Cropland,SRDB,China,371.1,15.77999354
441,101.27,21.91,596,Forest,SRDB,China,636.5,22.96999338
442,101.24,21.94,585,Forest,SRDB,China,509,22.96999338
443,118.2,29.2,375,Forest,SRDB,China,558.18,15.60999355
444,115,37.33,NA,Cropland,SRDB,China,1825,14.62999357
445,89.74,28.47,3260,Forest,SRDB,China,1280,-2.330006051
446,89.86,28.47,2640,Forest,SRDB,China,1450,1.389993865
447,111.45,28.91,NA,Cropland,SRDB,China,592.125,17.7337435
448,116.57,36.83,NA,Cropland,SRDB,China,607.45,15.43999355
449,107.68,35.2,1220,Cropland,SRDB,China,330,9.479993685
450,116.44,40.18,NA,Cropland,SRDB,China,1610.28,13.1599936
451,107.67,35.21,1220,Cropland,SRDB,China,432.81,11.16249365
452,112.2,23.2,600,Forest,SRDB,China,709.13,22.58999339
453,121.9,31.22,33,Wetland,SRDB,China,3666.6,NaN
454,121.95,31.15,4,Wetland,SRDB,China,1107.54,NaN
455,121.9,31.2,4,Wetland,SRDB,China,5692.68,NaN
456,121.95,31.2,4,Wetland,SRDB,China,5084.1,NaN
457,121.96,31.2,4,Wetland,SRDB,China,5840.1,NaN
458,107.22,37.7,1530,Desert,SRDB,China,234.25,8.989993696
459,112.5,23.15,NA,Forest,SRDB,China,1057.28333333333,20.87499343
460,117.6,26.2,NA,Forest,SRDB,China,1055,19.30999346
461,117.45,27.7,960,Forest,SRDB,China,957.066666666667,15.62999355
462,106.8,26.85,NA,Forest,SRDB,China,567,12.71999361
463,111.94,33.55,NA,Forest,N-SRDB,China,564.6775,10.79999366
464,111.13,31.9,NA,Forest,N-SRDB,China,531.15,11.56999364
465,105.18,31.25,NA,Forest,N-SRDB,China,688.593333333333,17.6999935
466,118.16,26.67,NA,Forest,N-SRDB,China,842.89,19.67999346
467,119.7,30.45,NA,Forest,N-SRDB,China,1442.68,11.82999363
468,109.88,27.05,NA,Forest,N-SRDB,China,612.37,14.28999358
469,113.03,28.1,NA,Forest,N-SRDB,China,1039.69,17.8499935
470,120.75,33.03,NA,Forest,N-SRDB,China,1084.26625,14.87999356
471,114.34,30.03,35,Forest,N-SRDB,China,230.97,18.06999349
472,121.75,31.5,NA,Forest,N-SRDB,China,1228.955,NaN
473,103.1,32.75,3091,Forest,N-SRDB,China,744.706,-1.590006068
474,113.87,33.32,NA,Forest,N-SRDB,China,410.57,15.68999355
475,110.98,30.83,NA,Forest,N-SRDB,China,197.013333333333,17.8199935
476,121.5,31.5,NA,Forest,N-SRDB,China,901.065,NaN
477,107.85,35.65,1298,Cropland,N-SRDB,China,588.6273276,10.57399366
478,104.74,35.47,2000,Cropland,N-SRDB,China,41.1575,6.769993745
479,113.13,28.3,NA,Cropland,N-SRDB,China,328.53,17.6599935
480,106.45,29.85,244,Cropland,N-SRDB,China,960.01,18.50999348
481,124,44.5,NA,Cropland,N-SRDB,China,1464.285,5.379993776
482,106.25,29.56,585,Cropland,N-SRDB,China,673.4025,16.73999352
483,121.75,31.5,NA,Cropland,N-SRDB,China,1134.585,NaN
484,121.5,31.7,NA,Cropland,N-SRDB,China,1047.72,NaN
485,116.43,28.34,NA,Cropland,N-SRDB,China,211.14,18.77135711
486,125.52,44.2,NA,Cropland,N-SRDB,China,595.205,5.109993782
487,110.98,30.83,NA,Cropland,N-SRDB,China,190.71,17.8199935
488,114.34,30.03,35,Cropland,N-SRDB,China,221.05,18.06999349
489,102.58,33.1,3480,Grassland,N-SRDB,China,355.685,3.354993822
490,118.5,31.5,NA,Wetland,N-SRDB,China,892.915,16.61999352
491,119.6,26.05,NA,Wetland,N-SRDB,China,759.18,20.73999343
492,119.62,26,NA,Wetland,N-SRDB,China,1125.71,20.60999344
493,120.37,33.5,NA,Wetland,N-SRDB,China,401.505,14.53999357
494,121.13,30.3,NA,Wetland,N-SRDB,China,1128.425,17.31999351
495,121.75,31.5,NA,Wetland,N-SRDB,China,1028.08,NaN
496,121.93,31.52,NA,Wetland,N-SRDB,China,1666.6,NaN
497,106.84,22.11,NA,Forest,N-SRDB,China,1797.115,21.63453887
498,118.99,37.76,NA,Wetland,N-SRDB,China,321.6686,13.4199936
499,104.76,35.46,2000,Cropland,N-SRDB,China,93.3144444444444,7.709993724
500,119.75,30.17,NA,Forest,N-SRDB,China,1225.1,17.37999351
501,108.01,34.3,516,Cropland,N-SRDB,China,190.898764066667,14.2792360033333
502,111.32,30.72,NA,Wetland,N-SRDB,China,40.47,16.84999352
503,106.82,22.45,NA,Forest,N-SRDB,China,732.9259223,22.58999339
504,119.17,32.3,69,Forest,N-SRDB,China,819.305,16.56499353
505,109.08,18.75,820,Forest,N-SRDB,China,1239,21.78999341
506,109.42,36.42,1353,Cropland,N-SRDB,China,951.36,9.159993692
507,119.29,29.48,NA,Cropland,N-SRDB,China,980.71,18.47999348
508,109.58,26.78,NA,Forest,N-SRDB,China,168.822,16.75817534
509,110.1,21.3,NA,Forest,N-SRDB,China,1041.802,23.86999336
510,116.3,44.1,1129,Grassland,N-SRDB,China,332.2,4.239993802
511,109.4,35.8,1072,Cropland,N-SRDB,China,550.88,12.30999362
512,100.2,25.7,1980,Cropland,N-SRDB,China,345.5,12.08999363
513,115.5,38.9,NA,Cropland,N-SRDB,China,205.7,13.3549936
514,116.7,43.6,1270,Grassland,N-SRDB,China,257.246666666667,2.949993831
515,103.28,30.41,560,Wetland,N-SRDB,China,977.8,15.04999356
516,117.08,33.69,27,Cropland,N-SRDB,China,736.88,15.92726627
517,119.42,30.14,150,Forest,N-SRDB,China,902.65,14.79749357
518,103.38,30.33,NA,Cropland,N-SRDB,China,46.2566666666667,16.64999352
519,122.17,53.24,NA,Wetland,N-SRDB,China,426.626666666667,-4.280006008
520,127.44,45.37,506,Forest,N-SRDB,China,579.0125,3.852266538
521,118.25,37.36,NA,Wetland,N-SRDB,China,357.07,15.18666022
522,118.33,28.37,NA,Forest,N-SRDB,China,860.11,17.20953897
523,106.86,22.05,300,Forest,N-SRDB,China,851.47,20.70317525
524,119.21,30.1,NA,Forest,N-SRDB,China,415.735,14.68999357
525,108.94,18.64,NA,Forest,N-SRDB,China,993.763,21.90599341
526,125.33,44.12,NA,Cropland,N-SRDB,China,136.53935483871,6.21999375758064
527,119.4,30.28,380,Forest,N-SRDB,China,1196.22333333333,17.00999352
528,113.18,28.24,NA,Forest,N-SRDB,China,1213.2,17.7799935
529,119.42,25.58,10,Forest,N-SRDB,China,1120.75,21.36999342
530,112.46,30.53,NA,Cropland,N-SRDB,China,774.0625,17.42999351
531,83.2,44.52,NA,Forest,N-SRDB,China,145.515,6.909993742
532,111.13,32.45,NA,Forest,N-SRDB,China,563.275,13.92999359
533,117.36,26.19,300,Forest,N-SRDB,China,669.835,19.44499346
534,120,33.68,350,Forest,N-SRDB,China,1073.48666666667,15.26999356
535,114.3,34.82,NA,Grassland,N-SRDB,China,1045.42,15.69999355
536,119.5,30.2,150,Forest,N-SRDB,China,379.46,15.06499356
537,118.71,32.21,NA,Cropland,N-SRDB,China,698.18,16.7277208
538,110.92,30.77,825,Forest,N-SRDB,China,1096.51,14.29999358
539,115.81,28.75,NA,Forest,N-SRDB,China,3325.02,19.40999346
540,104.58,27.58,NA,Forest,N-SRDB,China,1023.99,12.29862999
541,121.95,31.53,NA,Wetland,N-SRDB,China,316.43,NaN
542,112.53,22.78,42,Forest,N-SRDB,China,1992.42,22.75999339
543,100.35,38.9,1540,Cropland,N-SRDB,China,140.298571428571,8.19713657057143
544,118.9,37.7,NA,Wetland,N-SRDB,China,850.67,13.92590268
545,104.73,35.47,2000,Cropland,N-SRDB,China,718.15,7.367721005
546,113.22,28.29,NA,Wetland,N-SRDB,China,111.69,18.12726622
547,122.28,53.39,NA,Forest,N-SRDB,China,644.468333333333,-4.225006009
548,121.93,31.57,4,Wetland,N-SRDB,China,3533.635,NaN
549,121.93,31.57,4,Forest,N-SRDB,China,2924.61,NaN
550,121.93,31.57,4,Cropland,N-SRDB,China,2352.64,NaN
551,109.88,18.74,930,Forest,N-SRDB,China,1210.62,20.66044798
552,108.07,34.3,NA,Cropland,N-SRDB,China,249.5,13.98999358
553,108,34.4,506,Cropland,N-SRDB,China,167.69625,13.64999359
554,108.07,34.28,521,Cropland,N-SRDB,China,308.9460318,14.80553902
555,108.67,34.3,521,Cropland,N-SRDB,China,768.09,14.58544812
556,109.59,35.17,850,Cropland,N-SRDB,China,156.466666666667,13.77999359
557,108.17,34.5,NA,Cropland,N-SRDB,China,704.3175,14.42999358
558,127.54,45.41,442,Forest,N-SRDB,China,768.308333333333,4.17332713633333
559,127.57,45.33,400,Cropland,N-SRDB,China,438.35,3.229993824
560,105.3,27.5,NA,Forest,N-SRDB,China,1388.105,12.07999363
561,116.4,25.7,400,Forest,N-SRDB,China,952,19.54999346
562,103,30.07,1026,Forest,N-SRDB,China,966.469020633333,10.3289330566667
563,117.45,26.17,300,Forest,N-SRDB,China,768.6582755,20.63635707
564,111.5,33.45,NA,Forest,N-SRDB,China,603.73,13.3049936
565,108.9,18.8,NA,Forest,N-SRDB,China,414.77,18.94999347
566,110.98,34.52,NA,Cropland,N-SRDB,China,910.73,14.95999356
567,119.72,30.23,NA,Forest,N-SRDB,China,426.795,17.9749935
568,108.08,34.27,525,Cropland,N-SRDB,China,797.706666666667,14.32772085
569,119.58,30.32,NA,Forest,N-SRDB,China,399.245,13.1399936
570,111.57,33.72,NA,Forest,N-SRDB,China,1373.0075,8.719993702
571,120.17,31.35,NA,Wetland,N-SRDB,China,145.84,17.8299935
572,116.29,31.25,NA,Wetland,N-SRDB,China,89.07,12.03999363
573,109.14,36.92,1371.9,Cropland,N-SRDB,China,169.076333566667,8.159993714
574,108.06,34.26,521,Cropland,N-SRDB,China,296.9933813,13.98999358
575,109.9,19.88,20-30,Cropland,N-SRDB,China,985.7136562,24.60226607
576,118.86,32.16,,Cropland,N-SRDB,China,673.944009,16.68999353
577,116.6,32.2,21.0~29.5,Cropland,N-SRDB,China,274.7862201,16.08999354
578,113.83,34.56,69-78,Cropland,N-SRDB,China,709.4663347,15.74599355
579,108.87,34.6,,Cropland,N-SRDB,China,1206.51064,15.55999355
580,108.17,34.25,454.8,Cropland,N-SRDB,China,580.7985789,13.71499359
581,106.4,29.8,266.3,Cropland,N-SRDB,China,1421.011364,19.08999347
582,129.08,46.88,650,Forest,N-SRDB,China,487.645067954167,0.199993892
583,128.89,47.18,,Forest,N-SRDB,China,1169.42993571667,1.251993869
584,115,24.78,1350,Forest,N-SRDB,China,1592.88336,19.2666601333333
585,121.78,29.8,,Forest,N-SRDB,China,1409.160496,16.38499353
586,109.23,23.08,,Forest,N-SRDB,China,1098.155113,21.03090252
587,102.6,29.24,1145,Forest,N-SRDB,China,1069.593456,7.619993726
588,108.37,25.3,,Forest,N-SRDB,China,1219.242417,16.5777208
589,106.87,21.87,,Forest,N-SRDB,China,724.6908866,20.09999345
590,103.26,29.54,1600,Forest,N-SRDB,China,592.5084595,13.3099936
591,103.5,29.67,977.62,Forest,N-SRDB,China,564.9927003,18.78999348
592,119.4,30.23,40-100,Forest,N-SRDB,China,522.6134173,16.27953899
593,118.2,26.83,180m,Forest,N-SRDB,China,1061.903529,19.42272074
594,120.58,29.12,,Forest,N-SRDB,China,1050.286251,14.79999357
595,92.02,31.44,,Grassland,N-SRDB,China,334.7321658,0.239993891
596,119.38,31.21,137.51,Wetland,N-SRDB,China,115.7216506,15.93635718
597,119.38,31.2,137.51,Wetland,N-SRDB,China,107.7155731,16.30181171
598,119.41,31.16,137.51,Wetland,N-SRDB,China,54.25227272,14.91772084
599,119.43,31.16,137.51,Wetland,N-SRDB,China,52.73873984,14.91772084
600,112.33,30.28,,Wetland,N-SRDB,China,65.25569601,17.96999349
601,-99.94,56.63,,,SRDB,N-China,186,-2.900000185
602,-99.97,56.46,,,SRDB,N-China,412,-2.533333361
603,-98.98,55.91,,,SRDB,N-China,357,-2.383333464
604,-98.48,55.86,,,SRDB,N-China,358,-2.62499994
605,-98.39,55.92,,,SRDB,N-China,303,-2.62499994
606,-98.52,55.91,,,SRDB,N-China,274,-2.383333464
607,-98.48,55.88,,,SRDB,N-China,254,-2.62499994
608,-99.98,56.46,,,SRDB,N-China,380,-2.533333361
609,-98.98,55.9,,,SRDB,N-China,300,-2.383333464
610,-98.51,55.91,,,SRDB,N-China,233,-2.383333464
611,-82.11,29.95,,,SRDB,N-China,1196.66666666667,20.29166709
612,-84.29,35.99,,,SRDB,N-China,660.875,14.16041694
613,-92.33,38.9,,,SRDB,N-China,413.666666666667,11.7333334733333
614,-79.1,36.07,,,SRDB,N-China,1361.22222222222,14.6620372877778
615,7.08,48.67,,,SRDB,N-China,629.5,9.489583543
616,-47.52,-2.98,,,SRDB,N-China,1740,26.98833371
617,-85.5,35.08,,,SRDB,N-China,1176.25,13.95000021
618,35.05,31.35,,,SRDB,N-China,192,17.67500027
619,-105.12,53.99,,,SRDB,N-China,441.5,1.675000032
620,-121.52,44.5,,,SRDB,N-China,483.666666666667,5.438888963
621,-121.51,44.42,,,SRDB,N-China,565.5,5.53541676
622,-72.3,42.9,,,SRDB,N-China,840,7.716666793
623,172.25,-42.22,,,SRDB,N-China,650,7.416666736
624,-91.94,38.95,,,SRDB,N-China,457,11.76666691
625,10.23,54.1,,,SRDB,N-China,1754,9.741666734
626,2.13,6.38,,,SRDB,N-China,1610,26.93333356
627,-79.2,34.63,,,SRDB,N-China,1263,16.10000026
628,-0.36,51.81,,,SRDB,N-China,400,8.766666919
629,-1.37,51.7,,,SRDB,N-China,128,9.550000111
630,132.45,34.38,,,SRDB,N-China,1299,13.42500039
631,80.02,25.3,,,SRDB,N-China,430,26.40000041
632,11.92,42.4,,,SRDB,N-China,1415.4,15.84333349
633,130.73,32.82,,,SRDB,N-China,554,16.07083359
634,-81.42,32.13,,,SRDB,N-China,891.5,18.39166705
635,37.58,54.83,,,SRDB,N-China,479.363636363636,5.30303035390909
636,-72.18,42.53,,,SRDB,N-China,688.631578947368,8.18245628776316
637,-68.73,45.2,,,SRDB,N-China,665.769230769231,6.16250016430769
638,144,-37.17,,,SRDB,N-China,937.5,12.47500026
639,-97.52,34.98,,,SRDB,N-China,853.333333333333,16.6148151033333
640,-122.17,44.25,,,SRDB,N-China,799.666666666667,7.85833352333333
641,30.97,62.77,,,SRDB,N-China,191.285714285714,2.758333395
642,24.3,61.78,,,SRDB,N-China,356.75,4.25590282954167
643,29.83,62.23,,,SRDB,N-China,618,3.625000169
644,8.65,49.87,,,SRDB,N-China,444,10.25000005
645,-97.33,31.1,,,SRDB,N-China,1450,19.2222224916667
646,-155.25,19.75,,,SRDB,N-China,773,19.00833368
647,-79.95,33.18,,,SRDB,N-China,1426.66666666667,18.50000032
648,-78.26,37.34,,,SRDB,N-China,1033.33333333333,12.97500024
649,-2.05,55.17,,,SRDB,N-China,627.461538461538,7.62564113746154
650,-83.4,35.05,,,SRDB,N-China,255,11.56250028
651,6,50.3,,,SRDB,N-China,755,8.616666824
652,-78.45,37.58,,,SRDB,N-China,949.75,12.75000027
653,9.58,51.77,,,SRDB,N-China,610.1,9.476666826
654,9.57,51.77,,,SRDB,N-China,510,9.433333541
655,9.67,51.57,,,SRDB,N-China,529,9.433333541
656,10.3,52.83,,,SRDB,N-China,586,9.895833574
657,10.28,52.83,,,SRDB,N-China,408,9.895833574
658,10.27,52.83,,,SRDB,N-China,528,9.895833574
659,-89.43,43.03,,,SRDB,N-China,1328.16666666667,7.88055558666667
660,132.92,34.5,,,SRDB,N-China,873,15.59166682
661,170.3,-43.2,,,SRDB,N-China,908,10.16666683
662,-155.12,19.84,,,SRDB,N-China,1990,18.6833336666667
663,24.28,61.85,,,SRDB,N-China,866,4.027777771
664,12,-4,,,SRDB,N-China,1325,25.0750006
665,0.92,41.22,,,SRDB,N-China,768.2,15.07333366
666,2.35,41.77,,,SRDB,N-China,727,13.05833352
667,-2.58,56.91,,,SRDB,N-China,408.5,7.600000123
668,-3.43,58.43,,,SRDB,N-China,546.5,7.916666706
669,9.82,56.23,,,SRDB,N-China,163.5,8.341666857
670,148.8,-35.39,,,SRDB,N-China,711,12.09166694
671,12.28,55.67,,,SRDB,N-China,260,9.041666761
672,-89.7,32.8,,,SRDB,N-China,490,17.03333374
673,-96.58,39.08,,,SRDB,N-China,1900.84615384615,12.4217951846154
674,-92.2,38.8,,,SRDB,N-China,1013,12.87500024
675,9.92,56.25,,,SRDB,N-China,399,8.083333492
676,135.25,34.75,,,SRDB,N-China,1054,14.78333356
677,135.83,34.69,,,SRDB,N-China,1414,15.12500024
678,-81.67,33.5,,,SRDB,N-China,429.333333333333,17.71388908
679,-113.08,41.87,,,SRDB,N-China,185.5,7.741666908
680,-84.28,35.97,,,SRDB,N-China,491,13.2166669
681,-121.95,47.38,,,SRDB,N-China,568.333333333333,7.291666838
682,-121.58,47.32,,,SRDB,N-China,620,7.291666838
683,24,38,,,SRDB,N-China,574.333333333333,17.5000004
684,-70.65,41.58,,,SRDB,N-China,762,9.833333537
685,135.83,35.08,,,SRDB,N-China,536,12.46666695
686,146.17,-18.97,,,SRDB,N-China,380,23.70833365
687,11.65,55.49,,,SRDB,N-China,412.5,8.816666777
688,-61,5,,,SRDB,N-China,1048,21.51666721
689,-98.2,27.67,,,SRDB,N-China,763.75,22.14166709
690,-93.33,42.18,,,SRDB,N-China,1003.33333333333,8.108333357
691,-125.32,49.85,,,SRDB,N-China,1817.14285714286,7.37857152785714
692,-53,5.03,,,SRDB,N-China,1923,26.90000025
693,-83.02,40,,,SRDB,N-China,384,9.933333541
694,-119.12,49.42,,,SRDB,N-China,852.5,4.191666792
695,-83.83,10.33,,,SRDB,N-China,1265,24.48333359
696,-121.53,44.6,,,SRDB,N-China,410.5,6.625000142
697,-121.54,44.58,,,SRDB,N-China,599,6.625000142
698,-121.5,44.56,,,SRDB,N-China,475,9.083333479
699,-121.54,44.57,,,SRDB,N-China,495,6.625000142
700,-121.53,44.57,,,SRDB,N-China,699,6.625000142
701,-121.51,44.58,,,SRDB,N-China,458.5,6.625000142
702,-121.53,44.59,,,SRDB,N-China,540,6.625000142
703,-121.52,44.57,,,SRDB,N-China,451,6.625000142
704,-121.5,44.58,,,SRDB,N-China,351,9.083333479
705,-125.33,49.87,,,SRDB,N-China,980.666666666667,8.04166686166667
706,-62,45.6,,,SRDB,N-China,341.416666666667,5.94722231166667
707,7.06,48.67,,,SRDB,N-China,528,9.650000061
708,7.07,48.68,,,SRDB,N-China,527,9.650000061
709,131,33,,,SRDB,N-China,468,14.3833335
710,136,34.97,,,SRDB,N-China,714,14.59166685
711,4.52,51.31,,,SRDB,N-China,684.285714285714,10.85833351
712,-51.46,-1.72,,,SRDB,N-China,1430,27.8638891866667
713,-120.63,38.9,,,SRDB,N-China,979.4,13.50666684
714,131.13,-12.47,,,SRDB,N-China,1430,27.04166714
715,-71.1,47.32,,,SRDB,N-China,666.666666666667,1.58333339266667
716,-68.15,47.73,,,SRDB,N-China,1186.66666666667,3.23611116433333
717,-66.38,46.03,,,SRDB,N-China,1523.33333333333,5.68611112033333
718,-4.92,41.8,,,SRDB,N-China,757,12.41666675
719,-97.4,35.2,,,SRDB,N-China,1143,15.76666689
720,162.95,5.33,,,SRDB,N-China,812,28.05833371
721,163.03,5.29,,,SRDB,N-China,646.5,28.05000035
722,158.25,6.8,,,SRDB,N-China,961,26.88333384
723,-159.62,22.15,,,SRDB,N-China,314,22.30000035
724,-156.13,20.73,,,SRDB,N-China,685,21.22500038
725,-82.16,29.73,,,SRDB,N-China,1066,20.86666701
726,-62.5,-10.5,,,SRDB,N-China,1356.28571428571,26.0904763971429
727,-104.63,53.85,,,SRDB,N-China,435,0.900000031
728,-104.66,53.91,,,SRDB,N-China,235,0.900000031
729,-104.65,53.91,,,SRDB,N-China,325,0.900000031
730,-104.65,53.88,,,SRDB,N-China,560,0.900000031
731,-104.69,53.92,,,SRDB,N-China,320,0.900000031
732,-79.08,35.97,,,SRDB,N-China,1749,15.10833363
733,-84.33,35.9,,,SRDB,N-China,762.333333333333,14.53888913
734,-89.62,46.67,,,SRDB,N-China,811.75,5.481250153
735,11.8,42.37,,,SRDB,N-China,748.333333333333,15.88333353
736,-79.48,34.91,,,SRDB,N-China,811,16.10000026
737,-96,39,,,SRDB,N-China,696,12.73333359
738,-96.99,19.53,,,SRDB,N-China,726.666666666667,21.34166702
739,-83.62,8.72,,,SRDB,N-China,1880,27.00000048
740,11.75,-4.35,,,SRDB,N-China,840,25.58750025
741,-109.75,37.98,,,SRDB,N-China,151,10.04166682
742,-100.92,46.77,,,SRDB,N-China,1000,5.51666682
743,-106.2,53.7,,,SRDB,N-China,828.666666666667,0.919444398666667
744,-92.2,38.75,,,SRDB,N-China,1013,12.31666701
745,102.3,2.97,,,SRDB,N-China,1559.66666666667,27.3583336933333
746,-113.42,42.5,,,SRDB,N-China,406,7.858333374
747,140.12,36.02,,,SRDB,N-China,347,13.73333345
748,114.03,4.2,,,SRDB,N-China,1998,27.15833346
749,-47.79,-1.13,,,SRDB,N-China,2230,26.98333383
750,-112,40.75,,,SRDB,N-China,274,5.800000076
751,-119.28,36.72,,,SRDB,N-China,1480,16.24166687
752,-64,9,,,SRDB,N-China,1930.25,27.3500003
753,-80.12,36.62,,,SRDB,N-China,1179,12.2166669
754,-111.73,35.27,,,SRDB,N-China,900,8.091666912
755,5.92,52.4,,,SRDB,N-China,426,10.06666682
756,10.95,56.38,,,SRDB,N-China,597,8.075000291
757,-112.08,33.5,,,SRDB,N-China,592.25,22.20000045
758,-55.33,-11.41,,,SRDB,N-China,2887,25.86666711
759,-87.18,21.21,,,SRDB,N-China,2738.5,25.85000054
760,-116.78,33.81,,,SRDB,N-China,681.5,15.74166711
761,-116.08,46.08,,,SRDB,N-China,764,8
762,76.18,29.97,,,SRDB,N-China,576.5,24.75833369
763,8.08,53.17,,,SRDB,N-China,225,8.941666782
764,-79,36,,,SRDB,N-China,669,15.07500021
765,-79.85,9.15,,,SRDB,N-China,1709,26.25833368
766,-121.8,47.5,,,SRDB,N-China,165,6.433333407
767,30.97,62.78,,,SRDB,N-China,607,2.825000127
768,-89.37,43.28,,,SRDB,N-China,1777.5,8.064583503
769,11.43,46.02,,,SRDB,N-China,1066,8.27500015
770,11.28,45.96,,,SRDB,N-China,955.5,9.937500147
771,11.05,46.02,,,SRDB,N-China,1870,8.950000076
772,-121.95,45.82,,,SRDB,N-China,1212.3125,8.102083496
773,23.85,65.92,,,SRDB,N-China,696,2.066666772
774,-155.94,19.77,,,SRDB,N-China,1442,18.0333337
775,10.45,51.08,,,SRDB,N-China,879.333333333333,9.02777792666667
776,-121.56,44.45,,,SRDB,N-China,810.666666666667,5.74583341433333
777,-105.1,54,,,SRDB,N-China,611,-0.358333449
778,-54.95,-2.9,,,SRDB,N-China,1280,26.64166705
779,-121.28,39.25,,,SRDB,N-China,1074,15.5229169
780,4.52,51.3,,,SRDB,N-China,700.823529411765,10.85833351
781,-115.92,36.82,,,SRDB,N-China,55.75,15.98333335
782,-60,-3,,,SRDB,N-China,1211,27.94166708
783,-76.47,42.27,,,SRDB,N-China,879.5,7.525000195
784,-73.75,41.83,,,SRDB,N-China,714,8.633333544
785,-47.95,-1.32,,,SRDB,N-China,1790.5,27.27083357
786,11,47,,,SRDB,N-China,35,4.933333432
787,-84.71,45.59,,,SRDB,N-China,1002.8,6.145000113
788,12,55,,,SRDB,N-China,620.5,8.875000209
789,-120.05,34.7,,,SRDB,N-China,25,12.9416668666667
790,-52.91,5.28,,,SRDB,N-China,1278,27.40000057
791,1.45,42.2,,,SRDB,N-China,494,9.725000083
792,11.53,47.28,,,SRDB,N-China,729,4.433333342
793,12.58,47.62,,,SRDB,N-China,1142.5,7.991666804
794,-3.4,55.79,,,SRDB,N-China,529,8.091666738
795,29.6,67.72,,,SRDB,N-China,58,-0.533333331
796,111.85,2.82,,,SRDB,N-China,1647.66666666667,26.99166695
797,111.83,2.78,,,SRDB,N-China,885.666666666667,26.99166695
798,137.42,36.13,,,SRDB,N-China,804.940740740741,9.39938287888889
799,-105.1,40.6,,,SRDB,N-China,650,7.216666671
800,-90.12,45.8,,,SRDB,N-China,1040.95833333333,5.945833539
801,-79.13,35.97,,,SRDB,N-China,1340.76315789474,15.4342107757895
802,30.82,62.87,,,SRDB,N-China,496.75,2.525000078
803,3.72,51.03,,,SRDB,N-China,896,11.39166695
804,16.12,57.08,,,SRDB,N-China,981,7.316666792
805,140.15,36.32,,,SRDB,N-China,455.5,14.13750024
806,23.9,63.9,,,SRDB,N-China,312.5,3.158333321
807,22.77,62.2,,,SRDB,N-China,480,3.958333333
808,23.18,62.1,,,SRDB,N-China,375.833333333333,3.858333409
809,4.4,50.02,,,SRDB,N-China,837.333333333333,10.65000018
810,11.14,46.02,,,SRDB,N-China,984,9.04166698
811,10.98,46.06,,,SRDB,N-China,965,4.083333409
812,11.15,46.02,,,SRDB,N-China,795,9.04166698
813,11,46.03,,,SRDB,N-China,738,9.04166698
814,11.01,46.04,,,SRDB,N-China,719,9.04166698
815,11.08,46.07,,,SRDB,N-China,492,9.04166698
816,11.07,46.06,,,SRDB,N-China,681,9.04166698
817,11.06,46.05,,,SRDB,N-China,1041,9.04166698
818,11.06,46.02,,,SRDB,N-China,1116,9.04166698
819,11.43,46.59,,,SRDB,N-China,1230,4.933333432
820,75.72,23.18,,,SRDB,N-China,638,25.39166705
821,1.65,48.36,,,SRDB,N-China,583.333333333333,10.3972224966667
822,1.61,48.56,,,SRDB,N-China,476.666666666667,10.2861112966667
823,16.25,48.67,,,SRDB,N-China,715,9.129166827
824,115.5,-33.83,,,SRDB,N-China,940.5,16.85833367
825,84,20.5,,,SRDB,N-China,568,24.13333368
826,-83.43,35.08,,,SRDB,N-China,2371,11.2333335
827,-83.93,35.35,,,SRDB,N-China,2047,11.71666685
828,101.63,2.98,,,SRDB,N-China,1424,27.20000045
829,132.52,34.4,,,SRDB,N-China,1121,14.30416685
830,-122.4,38.4,,,SRDB,N-China,1139,15.22500014
831,-93.5,42.18,,,SRDB,N-China,1057.5,9.525000254
832,143.1,43.67,,,SRDB,N-China,571,2.600000088
833,141.17,42.97,,,SRDB,N-China,766,5.975000277
834,141.27,42.93,,,SRDB,N-China,927,6.39166675
835,141.38,42.98,,,SRDB,N-China,711.666666666667,6.39166675
836,140.9,39.98,,,SRDB,N-China,669,7.716666905
837,140.4,39.98,,,SRDB,N-China,622,10.75000037
838,140.72,39.77,,,SRDB,N-China,702,7.716666905
839,140.58,36.93,,,SRDB,N-China,618.75,12.74166692
840,140.58,36.58,,,SRDB,N-China,579,13.01666693
841,140.15,36.3,,,SRDB,N-China,461,14.35000024
842,140.18,36.17,,,SRDB,N-China,583,13.79166691
843,137.32,35.92,,,SRDB,N-China,356,11.00833347
844,138.65,35.85,,,SRDB,N-China,397.5,9.908333475
845,137.13,35.23,,,SRDB,N-China,405,14.67500018
846,137.57,35.2,,,SRDB,N-China,306,11.74166703
847,130.43,33.08,,,SRDB,N-China,429,16.5000002
848,127.98,26.52,,,SRDB,N-China,1057,NaN
849,91.75,25.58,,,SRDB,N-China,975,19.75833368
850,101.08,15.92,,,SRDB,N-China,1381.66666666667,26.31666708
851,79.42,29.25,,,SRDB,N-China,313.428571428571,21.77500041
852,99,16,,,SRDB,N-China,1448.57142857143,25.00833368
853,78.17,10,,,SRDB,N-China,310,28.15833378
854,135.79,35.02,,,SRDB,N-China,930,13.63333338
855,-96.53,39.14,,,SRDB,N-China,633,12.94166706
856,-7.25,52.95,,,SRDB,N-China,696.6,9.850000223
857,-87.18,30.83,,,SRDB,N-China,655,19.19166724
858,127.83,37.81,,,SRDB,N-China,911.666666666667,10.75833356
859,127.64,35.46,,,SRDB,N-China,813,12.38333359
860,127.62,35.45,,,SRDB,N-China,858.5,12.38333359
861,-83.98,10.43,,,SRDB,N-China,1217.6,24.87166704
862,130.58,32.17,,,SRDB,N-China,1037.4,13.78750019
863,-94.08,30.65,,,SRDB,N-China,493,19.89166705
864,79.43,29.27,,,SRDB,N-China,227,22.10833359
865,-3.2,55.87,,,SRDB,N-China,727.333333333333,8.07222235866667
866,-86.42,39.32,,,SRDB,N-China,1135,12.3583335
867,-76.6,42.52,,,SRDB,N-China,390.25,8.091666823
868,-76.5,42.5,,,SRDB,N-China,376,7.966666743
869,37.1,54.13,,,SRDB,N-China,334.166666666667,4.616666794
870,-90.58,29.75,,,SRDB,N-China,418,20.33333373
871,-90.33,29.58,,,SRDB,N-China,180,20.691667
872,-90.08,29.25,,,SRDB,N-China,616,20.88333344
873,73,33,,,SRDB,N-China,510,22.78750014
874,-123.9,47.82,,,SRDB,N-China,520,7.716666877
875,-111.67,35.42,,,SRDB,N-China,321,7.608333459
876,79.48,29.4,,,SRDB,N-China,814.666666666667,22.95000037
877,20.77,48.5,,,SRDB,N-China,166.75,9.806250159
878,16.7,49.34,,,SRDB,N-China,493.529411764706,8.15980404705882
879,130.75,-12.5,,,SRDB,N-China,1430,26.7916673
880,126.75,37.5,,,SRDB,N-China,689,12.05000007
881,-76.02,42.75,,,SRDB,N-China,387,7.629166872
882,-83.84,41.55,,,SRDB,N-China,1383,9.800000342
883,132.13,34.18,,,SRDB,N-China,940,14.10833367
884,127.23,37.45,,,SRDB,N-China,698.333333333333,12.31666671
885,127.63,35.45,,,SRDB,N-China,703.285714285714,12.4428573871429
886,14.65,41.13,,,SRDB,N-China,473.666666666667,13.08333361
887,-39.25,-16.07,,,SRDB,N-China,700,24.01666705
888,152.4,-30.5,,,SRDB,N-China,890,16.25000016
889,10,54,,,SRDB,N-China,390,7.808333448
890,-96.55,39.1,,,SRDB,N-China,1347,12.0333336
891,-80.2,41.6,,,SRDB,N-China,509,8.783333515
892,4.36,50.07,,,SRDB,N-China,160,9.550000201
893,4.83,43.9,,,SRDB,N-China,75.25,13.94166684
894,127.27,37.45,,,SRDB,N-China,1004.66666666667,12.05000027
895,-81.9,35.9,,,SRDB,N-China,1763,14.79166714
896,14.53,67.3,,,SRDB,N-China,600,3.608333491
897,8,49.33,,,SRDB,N-China,580,10.69166676
898,-76.5,42.4,,,SRDB,N-China,433,7.575000167
899,7.1,50.75,,,SRDB,N-China,600,8.841666912
900,-16.629,28.292,,,SRDB,N-China,722.26,16.21666702
901,142.1,45.05,,,SRDB,N-China,877,6.091666785
902,83.01666667,25.3,,,SRDB,N-China,253.5,26.90833402
903,-82.32888889,39.98916667,,,SRDB,N-China,630,11.75833354
904,142.4833333,42.43333333,,,SRDB,N-China,1050,7.595833426
905,-1.8,38.1,,,SRDB,N-China,613.666666666667,15.64166693
906,24.28333333,61.85,,,SRDB,N-China,630.692307692308,3.95833340561538
907,120.8,23.48333333,,,SRDB,N-China,435.5,17.17500019
908,-3.466666667,53.05,,,SRDB,N-China,549,9.829166869
909,10.95,56.38333333,,,SRDB,N-China,520,8.541666731
910,19.38333333,46.88333333,,,SRDB,N-China,151,11.53333349
911,1.816666667,41.3,,,SRDB,N-China,440,15.45000037
912,8.15,40.6,,,SRDB,N-China,954.566666666667,17.0583335566667
913,-81.66666667,33.38333333,,,SRDB,N-China,970,18.5000002
914,11.59666667,48.22333333,,,SRDB,N-China,240,9.666666746
915,29.73333333,-2.6,,,SRDB,N-China,1355.25,19.65833394
916,11.86666667,50.13333333,,,SRDB,N-China,667,7.950000126
917,14.96666667,37.46666667,,,SRDB,N-China,505,16.90000049
918,-79.83333333,9.1,,,SRDB,N-China,1544.66666666667,26.3416670166667
919,-82.25,8.75,,,SRDB,N-China,937,22.8666671633333
920,127.8,37.78333333,,,SRDB,N-China,1020,10.67083352
921,127.9711111,35.48444444,,,SRDB,N-China,573,12.69166706
922,148.1520833,-35.65572222,,,SRDB,N-China,885.666666666667,11.9333335533333
923,114.0333333,4.333,,,SRDB,N-China,2265,27.11666727
924,114.1666667,-2.211111111,,,SRDB,N-China,1007.272727,26.1722227233333
925,35.05,31.333,,,SRDB,N-China,405.883333333333,17.33888918
926,-106.2,53.6,,,SRDB,N-China,827,0.541666468
927,-105.1,53.9,,,SRDB,N-China,566,0.28333356
928,-104.6,53.9,,,SRDB,N-China,466,0.308333357
929,-79.13333333,35.96666667,,,SRDB,N-China,1474.6,15.73333359
930,-122.2166667,44.21666667,,,SRDB,N-China,929,8.416666905
931,-89.82,43.07,,,SRDB,N-China,859.333333333333,8.158333416
932,3.595833333,43.74138889,,,SRDB,N-China,779,13.80833346
933,-76.6667,35.8,,,SRDB,N-China,1195.33333333333,16.7722224666667
934,135.85,34.78333333,,,SRDB,N-China,581.5,15.475
935,130.7166667,33.13333333,,,SRDB,N-China,601.25,15.28333366
936,8.364388889,47.47833333,,,SRDB,N-China,888.717391304348,9.94202911571739
937,-116.7777833,33.80833333,,,SRDB,N-China,822.333333333333,15.73750045
938,-111.7620361,35.08902778,,,SRDB,N-China,589,8.108333429
939,-111.727325,35.14263333,,,SRDB,N-China,571.5,8.108333429
940,-111.7718444,35.44539722,,,SRDB,N-China,458,8.108333429
941,120.02,-1.552,,,SRDB,N-China,1110,21.54166714
942,-83.98333333,10.43333333,,,SRDB,N-China,1675.4,25.03333378
943,-83.61666667,8.716666667,,,SRDB,N-China,1142,26.76666689
944,-125.3350833,49.86883333,,,SRDB,N-China,917.375,7.469791817
945,13.58333333,57.25,,,SRDB,N-China,258.333333333333,7.10833349633333
946,13.73333333,57.18333333,,,SRDB,N-China,354.5,6.791666825
947,-122.5,37.85,,,SRDB,N-China,1031,14.79166691
948,-123.77,39.4,,,SRDB,N-China,571,12.49166707
949,127.2666667,38.23333333,,,SRDB,N-China,678.25,10.08750007
950,127.1769444,37.78361111,,,SRDB,N-China,735,11.53166674
951,137.3833333,36.12,,,SRDB,N-China,682,9.079166731
952,-78.1,39.15,,,SRDB,N-China,1092.08333333333,12.5527778333333
953,8.166666667,40.61666667,,,SRDB,N-China,1118.33333333333,16.9583335733333
954,127.167,37.75,,,SRDB,N-China,820.25,11.05833355
955,-72.28333333,42.9,,,SRDB,N-China,722.6,8.208333493
956,127.15,37.73333333,,,SRDB,N-China,1258,11.10833368
957,127.15,37.75,,,SRDB,N-China,1015.5,11.10833368
958,26.51666667,40.58333333,,,SRDB,N-China,418,14.10000018
959,-90.78547778,45.623475,,,SRDB,N-China,1017.66666666667,4.929166749
960,10.45222222,51.07944444,,,SRDB,N-China,876.875,8.968750147
961,148.15,-23.83,,,SRDB,N-China,263,23.10833359
962,-79.63333333,9.316666667,,,SRDB,N-China,2214,26.66666698
963,-80.57333333,42.66361111,,,SRDB,N-China,539,9.233333523
964,-80.47444444,42.77555556,,,SRDB,N-China,511,9.37500004
965,-80.35138889,42.70944444,,,SRDB,N-China,558,9.37500004
966,-80.37222222,42.71527778,,,SRDB,N-China,671,9.37500004
967,2.783333333,48.48333333,,,SRDB,N-China,609,12.29166687
968,12.06666667,45.41666667,,,SRDB,N-China,806,14.2833334933333
969,-71.59,-13.19138889,,,SRDB,N-China,1064,10.22500018
970,-71.54277778,-13.04777778,,,SRDB,N-China,1344,10.22500018
971,-71.55472222,-12.89027778,,,SRDB,N-China,1291,15.15833354
972,-69.26972222,-12.83055556,,,SRDB,N-China,1639,24.74166695
973,141.5166667,42.73333333,,,SRDB,N-China,934,7.39166679
974,5.645122222,51.99112222,,,SRDB,N-China,715,10.70000017
975,-5.308333333,39.333,,,SRDB,N-China,1073.2,15.61666703
976,11.93333333,42.18333333,,,SRDB,N-China,1157,15.98333375
977,-96.42708056,30.55327778,,,SRDB,N-China,3936,20.35833359
978,-119.8030889,34.01311111,,,SRDB,N-China,916.6,14.35833375
979,4.520555556,51.30916667,,,SRDB,N-China,500,11.17500035
980,-110.8661,31.8214,,,SRDB,N-China,281,16.70000021
981,-71.19194444,-30.59805556,,,SRDB,N-China,540,14.61666711
982,-114.1333333,54.2,,,SRDB,N-China,705.333333333333,2.458333294
983,-6.9,52.85,,,SRDB,N-China,1110,9.89166681
984,-79.63,9.325,,,SRDB,N-China,7032.5,26.45000045
985,-3.616666667,40.03333333,,,SRDB,N-China,268,15.1388891566667
986,38.86444444,7.430833333,,,SRDB,N-China,1736,17.38750029
987,11.88083333,50.13166667,,,SRDB,N-China,422.25,7.729166797
988,35.23333333,33,,,SRDB,N-China,758,20.38333368
989,35.05,31.7,,,SRDB,N-China,634,19.35000022
990,34.9,31.38333333,,,SRDB,N-China,429,19.86666687
991,34.76666667,30.86666667,,,SRDB,N-China,177,19.24166679
992,-47.5,-16.3,,,SRDB,N-China,308,22.39166705
993,-155.2622778,19.94480556,,,SRDB,N-China,1871.57142857143,18.65000041
994,-155.2931111,19.84202778,,,SRDB,N-China,1389,18.65000041
995,98.86666667,14.58333333,,,SRDB,N-China,1574.4,25.51166715
996,78.03333333,27.16666667,,,SRDB,N-China,773.6,25.95833389
997,78.16666667,10,,,SRDB,N-China,1605,28.38333368
998,127.1532278,37.75704722,,,SRDB,N-China,798.333333333333,11.4416668566667
999,-2.032777778,36.94166667,,,SRDB,N-China,416,17.86666671
1000,-2.250277778,36.83472222,,,SRDB,N-China,303,17.86666671
1001,-15.4,28.1,,,SRDB,N-China,1230.75,20.29166715
1002,-84.5,31.25,,,SRDB,N-China,635,19.27500033
1003,-52.333,-14.683,,,SRDB,N-China,1731.5,25.50833368
1004,8.52,46.61,,,SRDB,N-China,836,3.51666672
1005,8,47.55,,,SRDB,N-China,933,8.608333679
1006,11.65641667,-4.289166667,,,SRDB,N-China,985.5,25.70833365
1007,26.23333333,58.86666667,,,SRDB,N-China,528,5.716666758
1008,18.96666667,68.333,,,SRDB,N-China,231,-2.408333257
1009,13.55,56.25,,,SRDB,N-China,522,8.275000208
1010,-3.266666667,55.75,,,SRDB,N-China,572,8.225000044
1011,10.48333333,56.38333333,,,SRDB,N-China,732,8.408333505
1012,11.96666667,55.88333333,,,SRDB,N-China,770,10.00083355
1013,5.9,52.4,,,SRDB,N-China,310,10.72500022
1014,1.816666667,41.31666667,,,SRDB,N-China,390,15.316667
1015,-8.6,38.63333333,,,SRDB,N-China,833,17.66666714
1016,-8.016666667,38.51666667,,,SRDB,N-China,1022,17.62500016
1017,-8.633333333,38.46666667,,,SRDB,N-China,757,18.00000048
1018,-8.316666667,39.13333333,,,SRDB,N-China,946,17.65000017
1019,-8,38.53333333,,,SRDB,N-China,1060,16.70000037
1020,-7.416666667,38.78333333,,,SRDB,N-China,757,16.86666695
1021,-7.2,38.95,,,SRDB,N-China,870,17.00000032
1022,-0.577777778,53.31527778,,,SRDB,N-China,627,10.04166683
1023,2.97,42.27,,,SRDB,N-China,1184.64285714286,14.26666701
1024,-7.75,43.15,,,SRDB,N-China,1752,11.62916677
1025,101.7854306,2.659030556,,,SRDB,N-China,3194.5,28.29166698
1026,-84.48,31.27,,,SRDB,N-China,567.5,18.8416671
1027,-0.85,51.16666667,,,SRDB,N-China,740.25,10.38125021
1028,-124.9016667,49.51972222,,,SRDB,N-China,1454,9.418750167
1029,126.98,37.55,,,SRDB,N-China,1264,11.59166673
1030,-78.825,49.158,,,SRDB,N-China,1278.33333333333,0.1083332
1031,26.30944444,64.49222222,,,SRDB,N-China,238,1.041666726
1032,-76.15694444,35.90611111,,,SRDB,N-China,657.333333333333,16.86666703
1033,7.07,48.67,,,SRDB,N-China,622.857142857143,9.575000187
1034,-76.667,35.8,,,SRDB,N-China,1195.875,16.61354192
1035,29.86666667,63.05,,,SRDB,N-China,893.25,3.250000139
1036,24.35,60.65,,,SRDB,N-China,578,4.916666802
1037,9.066666667,47.16666667,,,SRDB,N-China,441.8,7.723333448
1038,7.883333333,47.26666667,,,SRDB,N-China,613.4,9.195000083
1039,24.28861111,62.51666667,,,SRDB,N-China,1000,3.76666672
1040,-71.28333333,-30.25,,,SRDB,N-China,31.3333333333333,14.7222225633333
1041,27.5,59.1,,,SRDB,N-China,151,5.400000135
1042,133.29,34.08,,,SRDB,N-China,92,16.15000017
1043,13.03333333,53.13333333,,,SRDB,N-China,602,9.516666835
1044,140.1166667,36.01666667,,,SRDB,N-China,392,14.2250004
1045,9.633333333,55.95,,,SRDB,N-China,541,8.53333353
1046,12.05,55.41666667,,,SRDB,N-China,689,9.183333531
1047,9.866666667,55.4,,,SRDB,N-China,636,8.841666922
1048,11.31666667,49.41666667,,,SRDB,N-China,681.25,9.01458345
1049,11.91666667,48.11666667,,,SRDB,N-China,563,9.08333349966667
1050,12.4,49.93333333,,,SRDB,N-China,531.25,8.029166824
1051,11.65,48.4,,,SRDB,N-China,675.666666666667,9.08333349966667
1052,12.88333333,48.98333333,,,SRDB,N-China,547,9.975000203
1053,11.76666667,48.93333333,,,SRDB,N-China,606.75,9.168750181
1054,28.95,41.19166667,,,SRDB,N-China,316,14.94166688
1055,20.25,63.81666667,,,SRDB,N-China,487,2.833333289
1056,128.1733333,35.20583333,,,SRDB,N-China,996.2,13.5000003
1057,-97.52055556,34.98166667,,,SRDB,N-China,1138.33333333333,17.7611112866667
1058,138.55,36.33,,,SRDB,N-China,609.5,10.84166668
1059,46.77,9.87,,,SRDB,N-China,256,24.46666718
1060,13.92,45.55,,,SRDB,N-China,1271.75,12.5000002
1061,-56.28,-16.57,,,SRDB,N-China,1220,26.67500051
1062,-148.8758,68.9047,,,SRDB,N-China,296,-9.766666646
1063,-149.4406,68.1753,,,SRDB,N-China,125,-11.62500023
1064,-149.7608,67.9911,,,SRDB,N-China,426,-9.283333639
1065,-150.2969,67.1833,,,SRDB,N-China,292,-7.316666702
1066,-147.4714,65.6439,,,SRDB,N-China,474,-6.125000079
1067,99.72,18.42,,,SRDB,N-China,959,26.2208337
1068,-79.28,36.2,,,SRDB,N-China,1032.83333333333,14.99722234
1069,-3.916805556,40.59425,,,SRDB,N-China,970,12.76666675
1070,-3.917138889,40.59436111,,,SRDB,N-China,450,12.76666675
1071,-4.134666667,40.56883333,,,SRDB,N-China,1010,12.00833374
1072,-4.134777778,40.51666667,,,SRDB,N-China,790,12.00833374
1073,-4.116694444,40.72255556,,,SRDB,N-China,1380,12.00833374
1074,-4.100527778,40.73569444,,,SRDB,N-China,1220,12.00833374
1075,129.0780556,36.85472222,,,SRDB,N-China,625,10.99166683
1076,-116.604219,32.03017,,,SRDB,N-China,367,17.02500025
1077,-71.05,-34.13,,,SRDB,N-China,904.875,14.10833361
1078,11.63916667,47.58055556,,,SRDB,N-China,803.8,7.83666683
1079,-105.5,53.83,,,SRDB,N-China,661.25,0.451041651
1080,127.4,37.5,,,SRDB,N-China,2396.66666666667,11.66666706
1081,129.2029444,37.32833333,,,SRDB,N-China,686,10.3083335
1082,15.68888889,48.72694444,,,SRDB,N-China,817.333333333333,9.508333532
1083,13.63916667,47.82194444,,,SRDB,N-China,502,7.650000125
1084,-90.79666667,45.62333333,,,SRDB,N-China,1018,4.183333461
1085,7.5,47.47,,,SRDB,N-China,910.5,9.10208348
1086,175.45,-41.42,,,SRDB,N-China,889.25,11.66666694
1087,175.77,-39.15,,,SRDB,N-China,1106.25,8.295833449
1088,-0.4,39.58,,,SRDB,N-China,270,17.32500021
1089,165.8183333,-21.71138889,,,SRDB,N-China,293.333333333333,22.81666692
1090,-83.15361,37.46611,,,SRDB,N-China,967.466666666667,13.86666697
1091,23.93,63.9,,,SRDB,N-China,431.466666666667,3.30000000833333
1092,12.15,58.38,,,SRDB,N-China,607,7.196666824
1093,-75.9,35.78,,,SRDB,N-China,893.4,17.65000021
1094,-121.3,39.24,,,SRDB,N-China,1480.66666666667,15.1861115166667
1095,-122.71,38.06,,,SRDB,N-China,1449.33333333333,14.13333367
1096,99.78,18.67,,,SRDB,N-China,320,24.95833349
1097,11.64583333,55.48694444,,,SRDB,N-China,752,9.191666901
1098,-4.3,56.13,,,SRDB,N-China,498,7.295833406
1099,-72.05,-13.3,,,SRDB,N-China,643.5,10.19166684
1100,-71.97,-13.3,,,SRDB,N-China,716.5,10.75833337
1101,135.83,34.78,,,SRDB,N-China,794,15.5583334
1102,39.523,-4.409,,,SRDB,N-China,971,26.88333368
1103,127.0878667,37.46444444,,,SRDB,N-China,996.75,11.66666706
1104,171.75,-43.03,,,SRDB,N-China,363,8.90833348
1105,114.04,-2.34,,,SRDB,N-China,372,26.1500005
1106,128.2147222,36.85944444,,,SRDB,N-China,731,11.35833355
1107,-80.55951944,42.66093611,,,SRDB,N-China,584,9.233333523
1108,-80.458775,42.77441944,,,SRDB,N-China,523,9.37500004
1109,-80.34831389,42.70681111,,,SRDB,N-China,540,9.37500004
1110,-80.3574,42.70977778,,,SRDB,N-China,542,9.37500004
1111,-51.45,-1.72,,,SRDB,N-China,1567.66666666667,27.70000013
1112,113.9,-2.32,,,SRDB,N-China,576,26.60833375
1113,114.02,-2.32,,,SRDB,N-China,699,26.24166695
1114,-52.38579167,-13.07649722,,,SRDB,N-China,1260,26.04166698
1115,-62.7301,-16.0158,,,SRDB,N-China,1239,24.08333381
1116,-73.43,-3.95,,,SRDB,N-China,1815,26.96666733
1117,-69.27,-12.83028889,,,SRDB,N-China,1154,25.21666686
1118,-71.537,-13.049,,,SRDB,N-China,1342,10.70833341
1119,-71.542,-13.047,,,SRDB,N-China,1047,10.60833351
1120,127.9,37.44,,,SRDB,N-China,582,11.80833347
1121,-71.29,44.05,,,SRDB,N-China,827,5.950000008
1122,-71.73,43.93,,,SRDB,N-China,801,7.883333325
1123,-72.06,44.03,,,SRDB,N-China,689,7.233333588
1124,136,35,,,SRDB,N-China,797,14.62500024
1125,-61.94611111,45.75166667,,,SRDB,N-China,389,5.558333397
1126,-61.84222222,45.65611111,,,SRDB,N-China,318,5.558333397
1127,99.50108333,13.58702778,,,SRDB,N-China,3687.5,28.56041702
1128,-86.43277778,35.87638889,,,SRDB,N-China,1022,14.50000028
1129,-86.18,39.77,,,SRDB,N-China,765,12.40833371
1130,-86.23,39.65,,,SRDB,N-China,1140,12.4750002
1131,-86.73,39.28,,,SRDB,N-China,790,13.25833357
1132,144.1,-37.5,,,SRDB,N-China,1008,13.41666683
1133,-88.87,47.1,,,SRDB,N-China,758.75,6.158333425
1134,31.08,-18.18,,,SRDB,N-China,3293,18.90833386
1135,144.0941944,-37.42236111,,,SRDB,N-China,1771,13.0333335
1136,31.496,-25.02,,,SRDB,N-China,506,20.80833379
1137,102.72,-2.04,,,SRDB,N-China,1652,28.87500032
1138,103.3,-1.99,,,SRDB,N-China,1588,28.50833368
1139,29.25,41.17,,,SRDB,N-China,653.5,14.46666697
1140,8.688,53.533,,,SRDB,N-China,1317,9.36666682333333
1141,-77.34769333,38.85758833,,,SRDB,N-China,1026,15.08333361
1142,-77.33225,38.88440333,,,SRDB,N-China,1018,15.08333361
1143,-77.31806167,38.90971667,,,SRDB,N-China,1231,15.08333361
1144,-77.29665833,38.932605,,,SRDB,N-China,1087,15.08333361
1145,-77.285225,38.9686325,,,SRDB,N-China,1335,15.08333361
1146,-77.25019667,38.97692833,,,SRDB,N-China,929,15.08333361
1147,-1.32,51.77,,,SRDB,N-China,619,10.1583336
1148,-94.17906944,36.09699444,,,SRDB,N-China,1917,15.4833335
1149,-123.6427778,42.27805556,,,SRDB,N-China,979,9.200000127
1150,-123.1822222,44.02611111,,,SRDB,N-China,1039,10.80000019
1151,-122.735,46.89638889,,,SRDB,N-China,802,9.51666671
1152,22.52777778,-25.9475,,,SRDB,N-China,132,20.65000049
1153,31.49688333,-25.01973333,,,SRDB,N-China,1223,20.56666708
1154,9.190555556,48.83888889,,,SRDB,N-China,260,9.912500272
1155,101.07,13.68,,,SRDB,N-China,1870,28.67083375
1156,-3.465277778,53.05527778,,,SRDB,N-China,467.605555555556,9.52268533027778
1157,-51.46,-1.717638889,,,SRDB,N-China,1309.37,27.66666698
1158,-3.667,42.588,,,SRDB,N-China,846,11.23333351
1159,11.26666667,42.35,,,SRDB,N-China,801,16.56666692
1160,37.65,-5.167,,,SRDB,N-China,570,23.23333359
1161,37.617,-5.217,,,SRDB,N-China,480,23.23333359
1162,107.366,11.583,,,SRDB,N-China,1226,26.12500032
1163,102.2936,-0.3455,,,SRDB,N-China,445,27.67500051
1164,110.863,4.958,,,SRDB,N-China,770,NaN
1165,112.764,59.924,,,SRDB,N-China,798,-6.133333206
1166,3.6,40,,,SRDB,N-China,549,17.8500003
1167,120.27,22.93,,,SRDB,N-China,1880,24.20000013
1168,120.58,24.28,,,SRDB,N-China,1580,21.05000043
1169,120.77,23.67,,,SRDB,N-China,893.333333333333,19.79999995
1170,-71.75,43.93,,,SRDB,N-China,3.32666666666667,7.18055561366667
1171,166.68,-77.84,,,SRDB,N-China,18.98,NaN
1172,-3.5,40,,,SRDB,N-China,173,14.40833346
1173,8.62,45.81,,,SRDB,N-China,1286.68,11.9500002
1174,-84.87,32.4,,,SRDB,N-China,1200,19.45833389
1175,-84.78,32.37,,,SRDB,N-China,1250,19.45833389
1176,-84.88,32.38,,,SRDB,N-China,1309.62,19.45833389
1177,-84.79,32.36,,,SRDB,N-China,1390,19.45833389
1178,-119.57,38.27,,,SRDB,N-China,1322.62666666667,6.300000201
1179,13.05,10.29,,,SRDB,N-China,1108.81,26.84166702
1180,-60.209,-2.609,,,SRDB,N-China,927,27.80000035
1181,-60.21,-2.606,,,SRDB,N-China,1306,27.80000035
1182,-60.221,-2.605,,,SRDB,N-China,2195,27.80000035
1183,-60.229,-2.603,,,SRDB,N-China,1552,27.80000035
1184,-60.031,-2.59,,,SRDB,N-China,1457,27.80000035
1185,126.72,36.04,,,SRDB,N-China,535,12.31666703
1186,14.442,40.845,,,SRDB,N-China,842,16.52500049
1187,-97.837,45.273,,,SRDB,N-China,228.166666666667,6.47777791633333
1188,24.28,61.87,,,SRDB,N-China,1797.5525,3.637500134
1189,1.65,41.73,,,SRDB,N-China,162.7225,14.57500017
1190,-76.485,42.477,,,SRDB,N-China,1090.62,8.483333647
1191,24.4,-30.4,,,SRDB,N-China,681.18,17.95000029
1192,140.966,-34,,,SRDB,N-China,486.5,17.5000004
1193,131.3,31.85,,,SRDB,N-China,1562.93,16.90833366
1194,-77.466,35.25,,,SRDB,N-China,1003,17.77500025
1195,-77.9,40.67,,,SRDB,N-China,379.7,10.1833333
1196,19.92,50.06,,,SRDB,N-China,1106.91,8.400000175
1197,-110.78,32.73,,,SRDB,N-China,1126.18,18.95833361
1198,-96.986,19.502,,,SRDB,N-China,180.666666666667,21.34166702
1199,-3.52,40.05,,,SRDB,N-China,142.345,14.86666683
1200,-80.169,33.2805,,,SRDB,N-China,3233.79,18.3375002
1201,10.583,43.266,,,SRDB,N-China,732,15.46666686
1202,2.5,41.83,,,SRDB,N-China,272.9853,15.19166696
1203,112.22,2.85,,,SRDB,N-China,1653.33333333333,26.49166711
1204,-76.5,39,,,SRDB,N-China,3191.5,14.90833344
1205,-6.9,52.86,,,SRDB,N-China,961.7,8.691666812
1206,24.283,61.866,,,SRDB,N-China,1753.92,3.58611126766667
1207,-104.83,48.55,,,SRDB,N-China,303.933333333333,3.491666843
1208,86.4,23.77,,,SRDB,N-China,3315.04746666667,25.92500083
1209,-90.73,35.14,,,SRDB,N-China,835.25,17.48750027
1210,11.288,46.382,,,SRDB,N-China,660.65,9.350000049
1211,-105.51,40.05,,,SRDB,N-China,395.346,1.475000069
1212,141.6,42.67,,,SRDB,N-China,633.333333333333,7.92777790033333
1213,-84.55,32.57,,,SRDB,N-China,1232.31,17.3416671
1214,101.92,14.5,,,SRDB,N-China,771.318,27.05000035
1215,111.38,-7.95,,,SRDB,N-China,319.866666666667,25.89166705
1216,47.02,71.52,,,SRDB,N-China,448.45,NaN
1217,9.81,36.26,,,SRDB,N-China,496.4,18.3833336
1218,9.78,36.22,,,SRDB,N-China,872.35,18.3833336
1219,-103.17,29.23,,,SRDB,N-China,249.48,20.35000046
1220,-84.871083,32.399,,,SRDB,N-China,1255.6,18.25000016
1221,-84.777,32.372,,,SRDB,N-China,1427.15,18.25000016
1222,-84.7925,32.389,,,SRDB,N-China,1251.95,18.25000016
1223,-84.7852,32.366,,,SRDB,N-China,1299.4,18.25000016
1224,145.83,-17.12,,,SRDB,N-China,1284.8,22.45833365
1225,41.84,41.2,,,SRDB,N-China,512.825,11.35833359
1226,10.29,43.73,,,SRDB,N-China,843,14.97500018
1227,12.38,41.71,,,SRDB,N-China,1012,16.07500029
1228,-56.4,-16.5,,,SRDB,N-China,1461.5,26.80833364
1229,142.483,42.433,,,SRDB,N-China,1058.8212,7.800000187
1230,-3.45,40.31,,,SRDB,N-China,1791.72,14.86666683
1231,-76.92,37.33,,,SRDB,N-China,1194.48,16.28333378
1232,82.99,25.26,,,SRDB,N-China,237.5,27.42500035
1233,-70.08,-51.52,,,SRDB,N-China,945.68,7.616666853
1234,-70.98,-51.12,,,SRDB,N-China,825.23,7.533333595
1235,-72.14,-51.21,,,SRDB,N-China,1473.27,6.566666812
1236,-72.26,-51.22,,,SRDB,N-China,1912.27,6.566666812
1237,-72.27,-51.22,,,SRDB,N-China,1678.33,6.566666812
1238,-72.14,-51.22,,,SRDB,N-China,1476.26,6.566666812
1239,35.25,-15.5,,,SRDB,N-China,408,22.08333365
1240,-96.88,20.3,,,SRDB,N-China,1945.45,24.91666698
1241,137.41,36.13,,,SRDB,N-China,1095,9.133333453
1242,-47.02,-22.15,,,SRDB,N-China,488,21.4500006
1243,128.12,35.1,,,SRDB,N-China,365.65,13.90555581
1244,10.9,43.92,,,SRDB,N-China,1883.4,15.14166713
1245,127.04,37.54,,,SRDB,N-China,1214,11.65000013
1246,0.87,52.4,,,SRDB,N-China,1317.65,10.55000019
1247,0.67,52.5,,,SRDB,N-China,1281.15,10.55000019
1248,76.65,30.1,,,SRDB,N-China,1164.35,24.5333337
1249,36.92,36.9,,,SRDB,N-China,751.94,17.72500026
1250,-0.85,51.15,,,SRDB,N-China,905.523529411765,10.44313743
1251,111.84,-2.823,,,SRDB,N-China,1285,27.86666711
1252,84.99,23.7,,,SRDB,N-China,950.67,24.00000024
1253,-82.76,42.21,,,SRDB,N-China,933.94375,9.341666838
1254,-116.6,32.03,,,SRDB,N-China,481.95,16.06666708
1255,-5.93,37.35,,,SRDB,N-China,949.665,18.55833371
1256,-79.833,9.15,,,SRDB,N-China,1413.76666666667,26.8500004366667
1257,-79.1,36.97,,,SRDB,N-China,1111.25,14.55000035
1258,-84.2,30.65,,,SRDB,N-China,1863.54,18.9083337
1259,10.6,43.01,,,SRDB,N-China,813.7675,15.86666703
1260,-87.93,45.53,,,SRDB,N-China,1375.83333333333,6.858333277
1261,-52.35,-14.7,,,SRDB,N-China,1538.46,26.16666714
1262,-122.98,49.12,,,SRDB,N-China,184.325,10.65833362
1263,16.23,38.5,,,SRDB,N-China,712.53,16.54166706
1264,-3.45,53.05,,,SRDB,N-China,485.243615384615,9.49807706876923
1265,128.433,36.833,,,SRDB,N-China,264.8,10.7666668
1266,-73.44,-40.17,,,SRDB,N-China,743.75,10.80833356
1267,-72.6,-41.53,,,SRDB,N-China,538.25,9.391666889
1268,-48.15,-2.41,,,SRDB,N-China,1097.5,27.40833378
1269,8.15,40.61,,,SRDB,N-China,720.875,17.69166692
1270,55.65,55.5,,,SRDB,N-China,737.75,3.458333611
1271,-3.1,39.28,,,SRDB,N-China,473.333333333333,15.18333362
1272,-84.05,10.43,,,SRDB,N-China,1730.61,22.95416713
1273,16.7,40.4,,,SRDB,N-China,428.185,16.566667
1274,2.85,51.1,,,SRDB,N-China,568.9,10.65833357
1275,-0.45,50.96,,,SRDB,N-China,1318.66666666667,11.75833356
1276,172.2,-43.4,,,SRDB,N-China,730,10.33333357
1277,-156.41,20.89,,,SRDB,N-China,1147.0125,21.06666708
1278,3.5,36.9,,,SRDB,N-China,1101.08333333333,18.05833371
1279,-8.9,52.6,,,SRDB,N-China,817.6,9.216666718
1280,-0.54,52.23,,,SRDB,N-China,297.75,10.54166685
1281,-73.67,-41.87,,,SRDB,N-China,1131.82,10.87500016
1282,-1.92,39.67,,,SRDB,N-China,850.044444444444,12.78888905
1283,19.83,64.13,,,SRDB,N-China,892.08,3.466666639
1284,19.75,64.1,,,SRDB,N-China,582.12,3.466666639
1285,19.4,63.82,,,SRDB,N-China,933.66,4.100000078
1286,19.41,63.9,,,SRDB,N-China,714.42,4.100000078
1287,19.8,63.65,,,SRDB,N-China,635.04,4.591666898
1288,16.5,60.81,,,SRDB,N-China,313.74,6.150000034
1289,14.45,59.18,,,SRDB,N-China,446.04,7.383333441
1290,14.75,59.53,,,SRDB,N-China,697.41,6.108333377
1291,17.65,59.77,,,SRDB,N-China,752.22,7.625000177
1292,13.03,56.37,,,SRDB,N-China,786.24,8.416666784
1293,13.2,56.81,,,SRDB,N-China,854.28,8.158333387
1294,14.35,57.02,,,SRDB,N-China,593.46,7.441666957
1295,13.97,55.8,,,SRDB,N-China,543.375,8.666666808
1296,-122.76,38.08,,,SRDB,N-China,1937.128,15.95000029
1297,114,2.3,,,SRDB,N-China,1607.06181818182,25.758334
1298,6.7,48.5,,,SRDB,N-China,1152,9.720833477
1299,128.2,35.2,,,SRDB,N-China,1115.1,13.11666697
1300,19.4,46.87,,,SRDB,N-China,317.52,12.16666688
1301,1.8,41.3,,,SRDB,N-China,438.48,16.00000016
1302,10.95,56.4,,,SRDB,N-China,1402.38,8.28333335
1303,11.95,55.9,,,SRDB,N-China,601.02,8.94166676
1304,5.91,52.4,,,SRDB,N-China,370.44,10.70000019
1305,-3.46,53.05,,,SRDB,N-China,434.7,9.775000036
1306,2.42,42.62,,,SRDB,N-China,1015.6125,10.06666693
1307,-78.34,44.73,,,SRDB,N-China,640,6.016666667
1308,-52.87,-12.24,,,SRDB,N-China,888.056666666667,26.23888927
1309,140.5,40.65,,,SRDB,N-China,671,9.36111119066667
1310,127.2,37.6,,,SRDB,N-China,1181.25,10.81666689
1311,-94.88,47.47,,,SRDB,N-China,1058.4,3.433333362
1312,37.526,55.708,,,SRDB,N-China,647.05,6.891666823
